match_id,date,season,matchday,status,home_team,away_team,home_goals,away_goals
837992,2022-04-09 19:30:00,2022,1,FINISHED,Fluminense FC,Santos FC,0.0,0.0
837995,2022-04-10 19:00:00,2022,1,FINISHED,Botafogo FR,SC Corinthians Paulista,1.0,3.0
837991,2022-04-10 19:00:00,2022,1,FINISHED,CA Mineiro,SC Internacional,2.0,0.0
838005,2022-04-17 14:00:00,2022,2,FINISHED,Santos FC,Coritiba FBC,2.0,1.0
838002,2022-04-17 19:00:00,2022,2,FINISHED,CR Flamengo,São Paulo FC,3.0,1.0
838022,2022-04-20 22:30:00,2022,4,FINISHED,CR Flamengo,SE Palmeiras,0.0,0.0
838013,2022-04-23 19:30:00,2022,3,FINISHED,RB Bragantino,São Paulo FC,1.0,1.0
838014,2022-04-23 22:00:00,2022,3,FINISHED,SE Palmeiras,SC Corinthians Paulista,3.0,0.0
838012,2022-04-23 22:00:00,2022,3,FINISHED,Fluminense FC,SC Internacional,0.0,1.0
838011,2022-04-24 00:00:00,2022,3,FINISHED,CA Mineiro,Coritiba FBC,2.0,2.0
838030,2022-05-01 19:00:00,2022,4,FINISHED,Coritiba FBC,Fluminense FC,3.0,2.0
838023,2022-05-02 23:00:00,2022,4,FINISHED,São Paulo FC,Santos FC,2.0,1.0
838032,2022-05-08 14:00:00,2022,5,FINISHED,CR Flamengo,Botafogo FR,0.0,1.0
838034,2022-05-08 19:00:00,2022,5,FINISHED,SE Palmeiras,Fluminense FC,1.0,1.0
838033,2022-05-08 21:00:00,2022,5,FINISHED,RB Bragantino,SC Corinthians Paulista,0.0,1.0
838053,2022-05-11 23:30:00,2022,7,FINISHED,RB Bragantino,CA Mineiro,1.0,1.0
838044,2022-05-14 19:30:00,2022,6,FINISHED,SE Palmeiras,RB Bragantino,2.0,0.0
838046,2022-05-14 22:00:00,2022,6,FINISHED,SC Internacional,SC Corinthians Paulista,2.0,2.0
838054,2022-05-22 19:00:00,2022,7,FINISHED,SC Corinthians Paulista,São Paulo FC,1.0,1.0
838065,2022-05-29 19:00:00,2022,8,FINISHED,Santos FC,SE Palmeiras,0.0,1.0
838070,2022-05-29 19:00:00,2022,8,FINISHED,Coritiba FBC,Botafogo FR,1.0,0.0
838062,2022-05-29 21:00:00,2022,8,FINISHED,Fluminense FC,CR Flamengo,1.0,2.0
838074,2022-06-05 19:00:00,2022,9,FINISHED,SE Palmeiras,CA Mineiro,0.0,0.0
838073,2022-06-05 22:00:00,2022,9,FINISHED,RB Bragantino,SC Internacional,0.0,2.0
838083,2022-06-08 23:30:00,2022,10,FINISHED,RB Bragantino,CR Flamengo,1.0,0.0
838085,2022-06-09 00:30:00,2022,10,FINISHED,Santos FC,SC Internacional,1.0,1.0
838082,2022-06-09 00:30:00,2022,10,FINISHED,Fluminense FC,CA Mineiro,5.0,3.0
838084,2022-06-09 22:00:00,2022,10,FINISHED,SE Palmeiras,Botafogo FR,4.0,0.0
838090,2022-06-09 23:00:00,2022,10,FINISHED,Coritiba FBC,São Paulo FC,1.0,1.0
838091,2022-06-11 22:00:00,2022,11,FINISHED,CA Mineiro,Santos FC,1.0,1.0
838096,2022-06-12 00:00:00,2022,11,FINISHED,SC Internacional,CR Flamengo,3.0,1.0
838100,2022-06-12 21:00:00,2022,11,FINISHED,Coritiba FBC,SE Palmeiras,0.0,2.0
838103,2022-06-15 22:00:00,2022,12,FINISHED,RB Bragantino,Coritiba FBC,4.0,2.0
838105,2022-06-16 19:00:00,2022,12,FINISHED,Botafogo FR,São Paulo FC,1.0,0.0
838115,2022-06-19 00:00:00,2022,13,FINISHED,Santos FC,RB Bragantino,2.0,2.0
838111,2022-06-19 19:00:00,2022,13,FINISHED,CA Mineiro,CR Flamengo,2.0,0.0
838116,2022-06-19 21:00:00,2022,13,FINISHED,SC Internacional,Botafogo FR,2.0,3.0
838113,2022-06-20 23:00:00,2022,13,FINISHED,São Paulo FC,SE Palmeiras,1.0,2.0
838126,2022-06-25 00:30:00,2022,14,FINISHED,SC Internacional,Coritiba FBC,3.0,0.0
838124,2022-06-25 22:00:00,2022,14,FINISHED,SC Corinthians Paulista,Santos FC,0.0,0.0
838125,2022-06-26 19:00:00,2022,14,FINISHED,Botafogo FR,Fluminense FC,0.0,1.0
838132,2022-07-02 19:30:00,2022,15,FINISHED,Fluminense FC,SC Corinthians Paulista,4.0,0.0
838135,2022-07-02 22:00:00,2022,15,FINISHED,Santos FC,CR Flamengo,1.0,2.0
838133,2022-07-04 23:00:00,2022,15,FINISHED,RB Bragantino,Botafogo FR,0.0,1.0
838144,2022-07-10 19:00:00,2022,16,FINISHED,SC Corinthians Paulista,CR Flamengo,1.0,0.0
838141,2022-07-10 21:00:00,2022,16,FINISHED,CA Mineiro,São Paulo FC,0.0,0.0
838152,2022-07-16 22:00:00,2022,17,FINISHED,CR Flamengo,Coritiba FBC,2.0,0.0
838153,2022-07-17 19:00:00,2022,17,FINISHED,São Paulo FC,Fluminense FC,2.0,2.0
838155,2022-07-17 21:00:00,2022,17,FINISHED,Botafogo FR,CA Mineiro,0.0,1.0
838166,2022-07-20 23:30:00,2022,18,FINISHED,SC Internacional,São Paulo FC,3.0,3.0
838164,2022-07-21 00:30:00,2022,18,FINISHED,SC Corinthians Paulista,Coritiba FBC,3.0,1.0
838165,2022-07-21 00:30:00,2022,18,FINISHED,Santos FC,Botafogo FR,2.0,0.0
838174,2022-07-24 19:00:00,2022,19,FINISHED,SE Palmeiras,SC Internacional,2.0,1.0
838172,2022-07-24 19:00:00,2022,19,FINISHED,Fluminense FC,RB Bragantino,2.0,1.0
838171,2022-07-24 21:00:00,2022,19,FINISHED,CA Mineiro,SC Corinthians Paulista,1.0,2.0
838184,2022-07-30 22:00:00,2022,20,FINISHED,SC Corinthians Paulista,Botafogo FR,1.0,0.0
838186,2022-07-31 19:00:00,2022,20,FINISHED,SC Internacional,CA Mineiro,3.0,0.0
838185,2022-08-01 23:00:00,2022,20,FINISHED,Santos FC,Fluminense FC,2.0,2.0
838193,2022-08-06 23:30:00,2022,21,FINISHED,São Paulo FC,CR Flamengo,0.0,2.0
838200,2022-08-08 23:00:00,2022,21,FINISHED,Coritiba FBC,Santos FC,1.0,2.0
838204,2022-08-13 22:00:00,2022,22,FINISHED,SC Corinthians Paulista,SE Palmeiras,0.0,1.0
838210,2022-08-14 14:00:00,2022,22,FINISHED,Coritiba FBC,CA Mineiro,0.0,1.0
838203,2022-08-14 19:00:00,2022,22,FINISHED,São Paulo FC,RB Bragantino,3.0,0.0
838206,2022-08-14 22:00:00,2022,22,FINISHED,SC Internacional,Fluminense FC,3.0,0.0
838212,2022-08-20 22:00:00,2022,23,FINISHED,Fluminense FC,Coritiba FBC,5.0,2.0
838214,2022-08-21 19:00:00,2022,23,FINISHED,SE Palmeiras,CR Flamengo,1.0,1.0
838215,2022-08-21 22:00:00,2022,23,FINISHED,Santos FC,São Paulo FC,1.0,0.0
838222,2022-08-27 22:00:00,2022,24,FINISHED,Fluminense FC,SE Palmeiras,1.0,1.0
838225,2022-08-28 21:00:00,2022,24,FINISHED,Botafogo FR,CR Flamengo,0.0,1.0
838224,2022-08-30 00:30:00,2022,24,FINISHED,SC Corinthians Paulista,RB Bragantino,1.0,0.0
838233,2022-09-03 22:00:00,2022,25,FINISHED,RB Bragantino,SE Palmeiras,2.0,2.0
838234,2022-09-04 19:00:00,2022,25,FINISHED,SC Corinthians Paulista,SC Internacional,2.0,2.0
838241,2022-09-07 20:00:00,2022,26,FINISHED,CA Mineiro,RB Bragantino,1.0,1.0
838243,2022-09-11 19:00:00,2022,26,FINISHED,São Paulo FC,SC Corinthians Paulista,1.0,1.0
838255,2022-09-17 22:00:00,2022,27,FINISHED,Botafogo FR,Coritiba FBC,2.0,0.0
838252,2022-09-18 19:00:00,2022,27,FINISHED,CR Flamengo,Fluminense FC,1.0,2.0
838254,2022-09-18 21:30:00,2022,27,FINISHED,SE Palmeiras,Santos FC,1.0,0.0
838261,2022-09-29 00:45:00,2022,28,FINISHED,CA Mineiro,SE Palmeiras,0.0,1.0
838266,2022-09-29 00:45:00,2022,28,FINISHED,SC Internacional,RB Bragantino,0.0,0.0
838276,2022-10-01 18:00:00,2022,29,FINISHED,SC Internacional,Santos FC,1.0,0.0
838271,2022-10-01 18:00:00,2022,29,FINISHED,CA Mineiro,Fluminense FC,2.0,0.0
838272,2022-10-01 22:00:00,2022,29,FINISHED,CR Flamengo,RB Bragantino,4.0,1.0
838275,2022-10-03 23:00:00,2022,29,FINISHED,Botafogo FR,SE Palmeiras,1.0,3.0
838282,2022-10-06 00:30:00,2022,30,FINISHED,CR Flamengo,SC Internacional,0.0,0.0
838285,2022-10-06 00:30:00,2022,30,FINISHED,Santos FC,CA Mineiro,1.0,2.0
838284,2022-10-06 22:00:00,2022,30,FINISHED,SE Palmeiras,Coritiba FBC,4.0,0.0
838293,2022-10-09 19:00:00,2022,31,FINISHED,São Paulo FC,Botafogo FR,0.0,1.0
838300,2022-10-09 21:00:00,2022,31,FINISHED,Coritiba FBC,RB Bragantino,2.0,1.0
838302,2022-10-15 23:30:00,2022,32,FINISHED,CR Flamengo,CA Mineiro,1.0,0.0
838304,2022-10-16 19:00:00,2022,32,FINISHED,SE Palmeiras,São Paulo FC,0.0,0.0
838305,2022-10-16 21:00:00,2022,32,FINISHED,Botafogo FR,SC Internacional,0.0,1.0
838303,2022-10-17 23:00:00,2022,32,FINISHED,RB Bragantino,Santos FC,0.0,2.0
838273,2022-10-20 23:00:00,2022,29,FINISHED,São Paulo FC,Coritiba FBC,3.0,1.0
838315,2022-10-22 22:00:00,2022,33,FINISHED,Santos FC,SC Corinthians Paulista,0.0,1.0
838312,2022-10-23 19:00:00,2022,33,FINISHED,Fluminense FC,Botafogo FR,2.0,2.0
838320,2022-10-23 21:00:00,2022,33,FINISHED,Coritiba FBC,SC Internacional,1.0,1.0
838322,2022-10-26 00:45:00,2022,34,FINISHED,CR Flamengo,Santos FC,3.0,2.0
838325,2022-10-26 22:30:00,2022,34,FINISHED,Botafogo FR,RB Bragantino,2.0,1.0
838324,2022-10-27 00:45:00,2022,34,FINISHED,SC Corinthians Paulista,Fluminense FC,0.0,2.0
838333,2022-11-02 00:30:00,2022,35,FINISHED,São Paulo FC,CA Mineiro,2.0,2.0
838332,2022-11-03 00:30:00,2022,35,FINISHED,CR Flamengo,SC Corinthians Paulista,1.0,2.0
838342,2022-11-05 19:30:00,2022,36,FINISHED,Fluminense FC,São Paulo FC,3.0,1.0
838350,2022-11-06 19:00:00,2022,36,FINISHED,Coritiba FBC,CR Flamengo,1.0,0.0
838341,2022-11-07 23:00:00,2022,36,FINISHED,CA Mineiro,Botafogo FR,0.0,2.0
838360,2022-11-08 22:00:00,2022,37,FINISHED,Coritiba FBC,SC Corinthians Paulista,2.0,2.0
838353,2022-11-09 00:30:00,2022,37,FINISHED,São Paulo FC,SC Internacional,0.0,1.0
838355,2022-11-10 23:00:00,2022,37,FINISHED,Botafogo FR,Santos FC,3.0,0.0
838364,2022-11-13 19:00:00,2022,38,FINISHED,SC Corinthians Paulista,CA Mineiro,0.0,1.0
838366,2022-11-13 19:00:00,2022,38,FINISHED,SC Internacional,SE Palmeiras,3.0,0.0
838363,2022-11-13 19:00:00,2022,38,FINISHED,RB Bragantino,Fluminense FC,0.0,1.0
432441,2023-04-15 21:30:00,2023,1,FINISHED,RB Bragantino,EC Bahia,2.0,1.0
432444,2023-04-15 21:30:00,2023,1,FINISHED,Botafogo FR,São Paulo FC,2.0,1.0
432440,2023-04-16 00:00:00,2023,1,FINISHED,CA Mineiro,CR Vasco da Gama,1.0,2.0
432445,2023-04-16 19:00:00,2023,1,FINISHED,CR Flamengo,Coritiba FBC,3.0,0.0
432442,2023-04-16 19:00:00,2023,1,FINISHED,SC Corinthians Paulista,Cruzeiro EC,2.0,1.0
432439,2023-04-16 21:30:00,2023,1,FINISHED,Grêmio FBPA,Santos FC,1.0,0.0
432427,2023-04-22 19:00:00,2023,2,FINISHED,Fluminense FC,CA Paranaense,2.0,0.0
432432,2023-04-23 00:00:00,2023,2,FINISHED,Cruzeiro EC,Grêmio FBPA,1.0,0.0
432431,2023-04-23 14:00:00,2023,2,FINISHED,SC Internacional,CR Flamengo,2.0,1.0
432434,2023-04-23 19:00:00,2023,2,FINISHED,Santos FC,CA Mineiro,0.0,0.0
432436,2023-04-23 19:00:00,2023,2,FINISHED,CR Vasco da Gama,SE Palmeiras,2.0,2.0
432429,2023-04-24 23:00:00,2023,2,FINISHED,EC Bahia,Botafogo FR,1.0,2.0
432419,2023-04-29 19:30:00,2023,3,FINISHED,Coritiba FBC,São Paulo FC,1.0,1.0
432422,2023-04-29 21:30:00,2023,3,FINISHED,RB Bragantino,Cruzeiro EC,0.0,3.0
432424,2023-04-29 21:30:00,2023,3,FINISHED,SE Palmeiras,SC Corinthians Paulista,2.0,1.0
432417,2023-04-30 00:00:00,2023,3,FINISHED,CA Mineiro,CA Paranaense,2.0,1.0
432426,2023-04-30 19:00:00,2023,3,FINISHED,CR Flamengo,Botafogo FR,2.0,3.0
432425,2023-05-01 23:00:00,2023,3,FINISHED,CR Vasco da Gama,EC Bahia,0.0,1.0
432411,2023-05-06 19:00:00,2023,4,FINISHED,Cruzeiro EC,Santos FC,2.0,1.0
432413,2023-05-07 00:00:00,2023,4,FINISHED,Fluminense FC,CR Vasco da Gama,1.0,1.0
432407,2023-05-07 19:00:00,2023,4,FINISHED,CA Paranaense,CR Flamengo,2.0,1.0
432408,2023-05-07 19:00:00,2023,4,FINISHED,EC Bahia,Coritiba FBC,3.0,1.0
432415,2023-05-07 19:00:00,2023,4,FINISHED,São Paulo FC,SC Internacional,2.0,0.0
432410,2023-05-07 21:30:00,2023,4,FINISHED,Grêmio FBPA,RB Bragantino,3.0,3.0
432414,2023-05-07 21:30:00,2023,4,FINISHED,Botafogo FR,CA Mineiro,2.0,0.0
432400,2023-05-10 22:00:00,2023,5,FINISHED,Santos FC,EC Bahia,3.0,0.0
432403,2023-05-10 22:00:00,2023,5,FINISHED,SC Internacional,CA Paranaense,0.0,2.0
432399,2023-05-11 00:30:00,2023,5,FINISHED,SE Palmeiras,Grêmio FBPA,4.0,1.0
432402,2023-05-11 00:30:00,2023,5,FINISHED,Cruzeiro EC,Fluminense FC,0.0,2.0
432404,2023-05-11 22:00:00,2023,5,FINISHED,Coritiba FBC,CR Vasco da Gama,1.0,1.0
432398,2023-05-11 22:30:00,2023,5,FINISHED,Botafogo FR,SC Corinthians Paulista,3.0,0.0
432387,2023-05-13 19:00:00,2023,6,FINISHED,EC Bahia,CR Flamengo,2.0,3.0
432393,2023-05-13 21:30:00,2023,6,FINISHED,SE Palmeiras,RB Bragantino,1.0,1.0
432396,2023-05-14 00:00:00,2023,6,FINISHED,CA Mineiro,SC Internacional,2.0,0.0
432394,2023-05-14 19:00:00,2023,6,FINISHED,SC Corinthians Paulista,São Paulo FC,1.0,1.0
432392,2023-05-14 19:00:00,2023,6,FINISHED,CR Vasco da Gama,Santos FC,0.0,1.0
432389,2023-05-14 21:30:00,2023,6,FINISHED,CA Paranaense,Coritiba FBC,3.0,2.0
432384,2023-05-20 21:30:00,2023,7,FINISHED,RB Bragantino,CA Paranaense,2.0,0.0
432379,2023-05-20 21:30:00,2023,7,FINISHED,Coritiba FBC,CA Mineiro,1.0,2.0
432381,2023-05-20 21:30:00,2023,7,FINISHED,Botafogo FR,Fluminense FC,1.0,0.0
432382,2023-05-20 21:30:00,2023,7,FINISHED,São Paulo FC,CR Vasco da Gama,4.0,2.0
432383,2023-05-21 00:00:00,2023,7,FINISHED,Santos FC,SE Palmeiras,0.0,0.0
432380,2023-05-21 19:00:00,2023,7,FINISHED,CR Flamengo,SC Corinthians Paulista,1.0,0.0
432386,2023-05-21 21:30:00,2023,7,FINISHED,Grêmio FBPA,SC Internacional,3.0,1.0
432369,2023-05-27 19:00:00,2023,8,FINISHED,CA Paranaense,Grêmio FBPA,1.0,2.0
432376,2023-05-27 21:30:00,2023,8,FINISHED,CR Flamengo,Cruzeiro EC,1.0,1.0
432370,2023-05-28 19:00:00,2023,8,FINISHED,SC Internacional,EC Bahia,2.0,0.0
432373,2023-05-28 19:00:00,2023,8,FINISHED,SC Corinthians Paulista,Fluminense FC,2.0,0.0
432371,2023-05-28 21:30:00,2023,8,FINISHED,CA Mineiro,SE Palmeiras,1.0,1.0
432372,2023-05-28 21:30:00,2023,8,FINISHED,RB Bragantino,Santos FC,2.0,0.0
432362,2023-06-03 21:30:00,2023,9,FINISHED,Cruzeiro EC,CA Mineiro,0.0,1.0
432365,2023-06-03 21:30:00,2023,9,FINISHED,CA Paranaense,Botafogo FR,1.0,0.0
432360,2023-06-04 00:00:00,2023,9,FINISHED,Santos FC,SC Internacional,1.0,1.0
432359,2023-06-04 19:00:00,2023,9,FINISHED,Fluminense FC,RB Bragantino,2.0,1.0
432366,2023-06-04 19:00:00,2023,9,FINISHED,Grêmio FBPA,São Paulo FC,2.0,1.0
432357,2023-06-04 21:30:00,2023,9,FINISHED,SE Palmeiras,Coritiba FBC,3.0,1.0
432358,2023-06-05 23:00:00,2023,9,FINISHED,CR Vasco da Gama,CR Flamengo,1.0,4.0
432349,2023-06-10 19:00:00,2023,10,FINISHED,Coritiba FBC,Santos FC,0.0,0.0
432348,2023-06-10 21:30:00,2023,10,FINISHED,EC Bahia,Cruzeiro EC,2.0,2.0
432351,2023-06-10 21:30:00,2023,10,FINISHED,CA Mineiro,RB Bragantino,1.0,1.0
432350,2023-06-11 19:00:00,2023,10,FINISHED,SC Internacional,CR Vasco da Gama,2.0,1.0
432354,2023-06-11 19:00:00,2023,10,FINISHED,São Paulo FC,SE Palmeiras,0.0,2.0
432356,2023-06-11 21:30:00,2023,10,FINISHED,CR Flamengo,Grêmio FBPA,3.0,0.0
432344,2023-06-21 22:00:00,2023,11,FINISHED,São Paulo FC,CA Paranaense,2.0,1.0
432343,2023-06-21 23:00:00,2023,11,FINISHED,Santos FC,SC Corinthians Paulista,0.0,2.0
432346,2023-06-22 00:30:00,2023,11,FINISHED,Fluminense FC,CA Mineiro,1.0,1.0
432338,2023-06-22 00:30:00,2023,11,FINISHED,EC Bahia,SE Palmeiras,1.0,0.0
432339,2023-06-22 23:00:00,2023,11,FINISHED,Coritiba FBC,SC Internacional,0.0,1.0
432342,2023-06-23 00:30:00,2023,11,FINISHED,RB Bragantino,CR Flamengo,4.0,0.0
432329,2023-06-24 19:00:00,2023,12,FINISHED,CA Paranaense,SC Corinthians Paulista,1.0,0.0
432336,2023-06-24 21:30:00,2023,12,FINISHED,Fluminense FC,EC Bahia,2.0,1.0
432331,2023-06-25 00:00:00,2023,12,FINISHED,Cruzeiro EC,São Paulo FC,1.0,0.0
432334,2023-06-25 19:00:00,2023,12,FINISHED,SE Palmeiras,Botafogo FR,0.0,1.0
432330,2023-06-25 19:00:00,2023,12,FINISHED,Grêmio FBPA,Coritiba FBC,5.0,1.0
432333,2023-06-25 21:30:00,2023,12,FINISHED,Santos FC,CR Flamengo,2.0,3.0
432319,2023-07-01 19:00:00,2023,13,FINISHED,São Paulo FC,Fluminense FC,1.0,0.0
432322,2023-07-01 21:30:00,2023,13,FINISHED,EC Bahia,Grêmio FBPA,1.0,2.0
432324,2023-07-02 00:00:00,2023,13,FINISHED,SC Internacional,Cruzeiro EC,0.0,0.0
432320,2023-07-02 14:00:00,2023,13,FINISHED,SC Corinthians Paulista,RB Bragantino,0.0,1.0
432323,2023-07-02 19:00:00,2023,13,FINISHED,CA Paranaense,SE Palmeiras,2.0,2.0
432318,2023-07-02 19:00:00,2023,13,FINISHED,Botafogo FR,CR Vasco da Gama,2.0,0.0
432315,2023-07-08 19:00:00,2023,14,FINISHED,CR Vasco da Gama,Cruzeiro EC,0.0,1.0
432308,2023-07-08 21:30:00,2023,14,FINISHED,CA Mineiro,SC Corinthians Paulista,0.0,1.0
432314,2023-07-09 00:00:00,2023,14,FINISHED,SE Palmeiras,CR Flamengo,1.0,1.0
432307,2023-07-09 19:00:00,2023,14,FINISHED,RB Bragantino,São Paulo FC,0.0,0.0
432316,2023-07-09 19:00:00,2023,14,FINISHED,Fluminense FC,SC Internacional,2.0,0.0
432309,2023-07-09 21:30:00,2023,14,FINISHED,Grêmio FBPA,Botafogo FR,0.0,2.0
432305,2023-07-16 00:00:00,2023,15,FINISHED,Botafogo FR,RB Bragantino,2.0,0.0
432301,2023-07-16 14:00:00,2023,15,FINISHED,Cruzeiro EC,Coritiba FBC,0.0,0.0
432304,2023-07-16 19:00:00,2023,15,FINISHED,São Paulo FC,Santos FC,4.0,1.0
432306,2023-07-16 19:00:00,2023,15,FINISHED,Fluminense FC,CR Flamengo,0.0,0.0
432299,2023-07-16 21:30:00,2023,15,FINISHED,CA Paranaense,EC Bahia,2.0,0.0
432300,2023-07-16 21:30:00,2023,15,FINISHED,SC Internacional,SE Palmeiras,0.0,0.0
432289,2023-07-22 21:30:00,2023,16,FINISHED,EC Bahia,SC Corinthians Paulista,0.0,0.0
432287,2023-07-23 00:00:00,2023,16,FINISHED,Grêmio FBPA,CA Mineiro,1.0,0.0
432292,2023-07-23 19:00:00,2023,16,FINISHED,Santos FC,Botafogo FR,2.0,2.0
432296,2023-07-23 19:00:00,2023,16,FINISHED,RB Bragantino,SC Internacional,0.0,0.0
432294,2023-07-23 21:30:00,2023,16,FINISHED,CR Vasco da Gama,CA Paranaense,0.0,2.0
432288,2023-07-24 22:00:00,2023,16,FINISHED,Coritiba FBC,Fluminense FC,2.0,0.0
432280,2023-07-29 19:00:00,2023,17,FINISHED,CA Paranaense,Cruzeiro EC,3.0,3.0
432283,2023-07-29 19:00:00,2023,17,FINISHED,Fluminense FC,Santos FC,1.0,0.0
432286,2023-07-29 21:30:00,2023,17,FINISHED,SC Corinthians Paulista,CR Vasco da Gama,3.0,1.0
432282,2023-07-30 00:00:00,2023,17,FINISHED,CA Mineiro,CR Flamengo,1.0,2.0
432285,2023-07-30 14:00:00,2023,17,FINISHED,São Paulo FC,EC Bahia,0.0,0.0
432284,2023-07-30 19:00:00,2023,17,FINISHED,Botafogo FR,Coritiba FBC,4.0,1.0
432273,2023-08-05 19:00:00,2023,18,FINISHED,Santos FC,CA Paranaense,1.0,1.0
432270,2023-08-05 21:30:00,2023,18,FINISHED,SC Internacional,SC Corinthians Paulista,2.0,2.0
432276,2023-08-06 00:00:00,2023,18,FINISHED,Fluminense FC,SE Palmeiras,2.0,1.0
432274,2023-08-06 19:00:00,2023,18,FINISHED,São Paulo FC,CA Mineiro,0.0,2.0
432275,2023-08-06 19:00:00,2023,18,FINISHED,CR Vasco da Gama,Grêmio FBPA,1.0,0.0
432269,2023-08-06 21:30:00,2023,18,FINISHED,Coritiba FBC,RB Bragantino,0.0,1.0
432271,2023-08-06 21:30:00,2023,18,FINISHED,Cruzeiro EC,Botafogo FR,0.0,0.0
432258,2023-08-13 00:00:00,2023,19,FINISHED,Botafogo FR,SC Internacional,3.0,1.0
432262,2023-08-13 14:00:00,2023,19,FINISHED,CA Mineiro,EC Bahia,1.0,0.0
432260,2023-08-13 19:00:00,2023,19,FINISHED,SC Corinthians Paulista,Coritiba FBC,3.0,1.0
432263,2023-08-13 19:00:00,2023,19,FINISHED,Grêmio FBPA,Fluminense FC,2.0,1.0
432257,2023-08-13 21:30:00,2023,19,FINISHED,CR Flamengo,São Paulo FC,1.0,1.0
432259,2023-08-14 22:00:00,2023,19,FINISHED,SE Palmeiras,Cruzeiro EC,1.0,0.0
432261,2023-08-15 00:00:00,2023,19,FINISHED,RB Bragantino,CR Vasco da Gama,1.0,1.0
432254,2023-08-19 19:00:00,2023,20,FINISHED,São Paulo FC,Botafogo FR,0.0,0.0
432251,2023-08-20 00:00:00,2023,20,FINISHED,Cruzeiro EC,SC Corinthians Paulista,1.0,1.0
432255,2023-08-20 14:00:00,2023,20,FINISHED,CR Vasco da Gama,CA Mineiro,1.0,0.0
432248,2023-08-20 19:00:00,2023,20,FINISHED,EC Bahia,RB Bragantino,4.0,0.0
432249,2023-08-20 19:00:00,2023,20,FINISHED,Coritiba FBC,CR Flamengo,2.0,3.0
432253,2023-08-20 19:00:00,2023,20,FINISHED,Santos FC,Grêmio FBPA,2.0,1.0
432246,2023-08-26 21:30:00,2023,21,FINISHED,CR Flamengo,SC Internacional,0.0,0.0
432245,2023-08-27 19:00:00,2023,21,FINISHED,Botafogo FR,EC Bahia,3.0,0.0
432241,2023-08-27 19:00:00,2023,21,FINISHED,CA Mineiro,Santos FC,2.0,0.0
432239,2023-08-27 21:30:00,2023,21,FINISHED,CA Paranaense,Fluminense FC,2.0,2.0
432244,2023-08-27 21:30:00,2023,21,FINISHED,SE Palmeiras,CR Vasco da Gama,1.0,0.0
432240,2023-08-27 22:00:00,2023,21,FINISHED,Grêmio FBPA,Cruzeiro EC,3.0,0.0
432234,2023-09-02 19:00:00,2023,22,FINISHED,CA Paranaense,CA Mineiro,1.0,1.0
432228,2023-09-03 00:00:00,2023,22,FINISHED,Botafogo FR,CR Flamengo,1.0,2.0
432230,2023-09-03 19:00:00,2023,22,FINISHED,SC Corinthians Paulista,SE Palmeiras,0.0,0.0
432232,2023-09-03 21:30:00,2023,22,FINISHED,Cruzeiro EC,RB Bragantino,0.0,0.0
432235,2023-09-03 21:30:00,2023,22,FINISHED,EC Bahia,CR Vasco da Gama,1.0,1.0
432220,2023-09-14 00:30:00,2023,23,FINISHED,SC Internacional,São Paulo FC,2.0,1.0
432223,2023-09-14 00:30:00,2023,23,FINISHED,CR Flamengo,CA Paranaense,0.0,3.0
432226,2023-09-14 22:00:00,2023,23,FINISHED,Santos FC,Cruzeiro EC,0.0,3.0
432219,2023-09-14 23:00:00,2023,23,FINISHED,Coritiba FBC,EC Bahia,2.0,4.0
432222,2023-09-15 00:30:00,2023,23,FINISHED,RB Bragantino,Grêmio FBPA,2.0,0.0
432224,2023-09-16 19:00:00,2023,23,FINISHED,CR Vasco da Gama,Fluminense FC,4.0,2.0
432221,2023-09-17 00:00:00,2023,23,FINISHED,CA Mineiro,Botafogo FR,1.0,0.0
432212,2023-09-18 23:00:00,2023,24,FINISHED,EC Bahia,Santos FC,1.0,2.0
432303,2023-09-19 00:00:00,2023,15,FINISHED,SC Corinthians Paulista,Grêmio FBPA,4.0,4.0
432216,2023-09-21 00:30:00,2023,24,FINISHED,Fluminense FC,Cruzeiro EC,1.0,0.0
432215,2023-09-21 22:00:00,2023,24,FINISHED,CR Vasco da Gama,Coritiba FBC,5.0,1.0
432211,2023-09-21 22:30:00,2023,24,FINISHED,CA Paranaense,SC Internacional,2.0,1.0
432210,2023-09-22 00:30:00,2023,24,FINISHED,Grêmio FBPA,SE Palmeiras,1.0,0.0
432207,2023-09-22 23:00:00,2023,24,FINISHED,SC Corinthians Paulista,Botafogo FR,1.0,0.0
432229,2023-09-27 22:00:00,2023,22,FINISHED,São Paulo FC,Coritiba FBC,2.0,1.0
432205,2023-09-30 19:00:00,2023,25,FINISHED,CR Flamengo,EC Bahia,1.0,0.0
432204,2023-09-30 21:30:00,2023,25,FINISHED,São Paulo FC,SC Corinthians Paulista,2.0,1.0
432200,2023-10-01 00:00:00,2023,25,FINISHED,SC Internacional,CA Mineiro,0.0,2.0
432199,2023-10-01 19:00:00,2023,25,FINISHED,Coritiba FBC,CA Paranaense,2.0,0.0
432203,2023-10-01 19:00:00,2023,25,FINISHED,Santos FC,CR Vasco da Gama,4.0,1.0
432202,2023-10-01 21:30:00,2023,25,FINISHED,RB Bragantino,SE Palmeiras,2.0,1.0
432188,2023-10-07 21:30:00,2023,26,FINISHED,CR Vasco da Gama,São Paulo FC,0.0,0.0
432190,2023-10-08 00:00:00,2023,26,FINISHED,SC Corinthians Paulista,CR Flamengo,1.0,1.0
432187,2023-10-08 19:00:00,2023,26,FINISHED,SE Palmeiras,Santos FC,1.0,2.0
432189,2023-10-08 19:00:00,2023,26,FINISHED,Fluminense FC,Botafogo FR,0.0,2.0
432196,2023-10-08 19:00:00,2023,26,FINISHED,SC Internacional,Grêmio FBPA,3.0,2.0
432192,2023-10-08 21:30:00,2023,26,FINISHED,CA Mineiro,Coritiba FBC,1.0,2.0
432195,2023-10-08 21:30:00,2023,26,FINISHED,CA Paranaense,RB Bragantino,1.0,1.0
432181,2023-10-18 22:00:00,2023,27,FINISHED,Grêmio FBPA,CA Paranaense,1.0,2.0
432179,2023-10-19 00:30:00,2023,27,FINISHED,EC Bahia,SC Internacional,1.0,0.0
432177,2023-10-19 22:00:00,2023,27,FINISHED,Cruzeiro EC,CR Flamengo,0.0,2.0
432184,2023-10-19 22:00:00,2023,27,FINISHED,SE Palmeiras,CA Mineiro,0.0,2.0
432183,2023-10-19 23:00:00,2023,27,FINISHED,Santos FC,RB Bragantino,1.0,3.0
432186,2023-10-20 00:30:00,2023,27,FINISHED,Fluminense FC,SC Corinthians Paulista,3.0,3.0
432169,2023-10-21 21:30:00,2023,28,FINISHED,São Paulo FC,Grêmio FBPA,3.0,0.0
432170,2023-10-22 00:00:00,2023,28,FINISHED,Botafogo FR,CA Paranaense,1.0,1.0
432173,2023-10-22 19:00:00,2023,28,FINISHED,SC Internacional,Santos FC,7.0,1.0
432171,2023-10-22 19:00:00,2023,28,FINISHED,CR Flamengo,CR Vasco da Gama,1.0,0.0
432172,2023-10-22 19:00:00,2023,28,FINISHED,CA Mineiro,Cruzeiro EC,0.0,1.0
432167,2023-10-22 21:30:00,2023,28,FINISHED,RB Bragantino,Fluminense FC,1.0,0.0
432176,2023-10-22 21:30:00,2023,28,FINISHED,Coritiba FBC,SE Palmeiras,0.0,2.0
432162,2023-10-25 22:00:00,2023,29,FINISHED,RB Bragantino,CA Mineiro,1.0,2.0
432161,2023-10-25 23:00:00,2023,29,FINISHED,Cruzeiro EC,EC Bahia,3.0,0.0
432164,2023-10-25 23:00:00,2023,29,FINISHED,SE Palmeiras,São Paulo FC,5.0,0.0
432160,2023-10-26 00:30:00,2023,29,FINISHED,Grêmio FBPA,CR Flamengo,3.0,2.0
432165,2023-10-26 22:00:00,2023,29,FINISHED,CR Vasco da Gama,SC Internacional,1.0,2.0
432163,2023-10-27 00:30:00,2023,29,FINISHED,Santos FC,Coritiba FBC,2.0,1.0
432147,2023-10-28 22:00:00,2023,30,FINISHED,SE Palmeiras,EC Bahia,1.0,0.0
432150,2023-10-29 01:00:00,2023,30,FINISHED,CA Mineiro,Fluminense FC,2.0,0.0
432152,2023-10-29 19:00:00,2023,30,FINISHED,CA Paranaense,São Paulo FC,1.0,1.0
432148,2023-10-29 21:30:00,2023,30,FINISHED,SC Corinthians Paulista,Santos FC,1.0,1.0
432151,2023-10-29 21:30:00,2023,30,FINISHED,SC Internacional,Coritiba FBC,3.0,4.0
432143,2023-10-31 22:00:00,2023,31,FINISHED,EC Bahia,Fluminense FC,1.0,0.0
432138,2023-11-01 22:00:00,2023,31,FINISHED,SC Corinthians Paulista,CA Paranaense,1.0,0.0
432142,2023-11-01 23:00:00,2023,31,FINISHED,Coritiba FBC,Grêmio FBPA,1.0,2.0
432146,2023-11-01 23:00:00,2023,31,FINISHED,CR Flamengo,Santos FC,1.0,2.0
432145,2023-11-02 00:30:00,2023,31,FINISHED,Botafogo FR,SE Palmeiras,3.0,4.0
432137,2023-11-02 23:00:00,2023,31,FINISHED,São Paulo FC,Cruzeiro EC,1.0,0.0
432133,2023-11-04 22:30:00,2023,32,FINISHED,Grêmio FBPA,EC Bahia,1.0,0.0
432129,2023-11-05 00:30:00,2023,32,FINISHED,SE Palmeiras,CA Paranaense,1.0,0.0
432132,2023-11-05 19:00:00,2023,32,FINISHED,Cruzeiro EC,SC Internacional,1.0,2.0
432131,2023-11-05 19:00:00,2023,32,FINISHED,RB Bragantino,SC Corinthians Paulista,1.0,0.0
432128,2023-11-06 22:00:00,2023,32,FINISHED,CR Vasco da Gama,Botafogo FR,1.0,0.0
432121,2023-11-08 22:00:00,2023,33,FINISHED,SC Internacional,Fluminense FC,0.0,0.0
432117,2023-11-08 23:00:00,2023,33,FINISHED,São Paulo FC,RB Bragantino,1.0,0.0
432126,2023-11-09 00:30:00,2023,33,FINISHED,CR Flamengo,SE Palmeiras,3.0,0.0
432118,2023-11-09 22:00:00,2023,33,FINISHED,SC Corinthians Paulista,CA Mineiro,1.0,1.0
432125,2023-11-09 23:00:00,2023,33,FINISHED,Botafogo FR,Grêmio FBPA,3.0,4.0
432109,2023-11-11 19:00:00,2023,34,FINISHED,Coritiba FBC,Cruzeiro EC,1.0,0.0
432116,2023-11-11 21:30:00,2023,34,FINISHED,CR Flamengo,Fluminense FC,1.0,1.0
432114,2023-11-12 00:00:00,2023,34,FINISHED,SE Palmeiras,SC Internacional,3.0,0.0
432110,2023-11-12 19:00:00,2023,34,FINISHED,Grêmio FBPA,SC Corinthians Paulista,0.0,1.0
432112,2023-11-12 19:00:00,2023,34,FINISHED,RB Bragantino,Botafogo FR,2.0,2.0
432108,2023-11-12 21:30:00,2023,34,FINISHED,EC Bahia,CA Paranaense,1.0,1.0
432113,2023-11-12 21:30:00,2023,34,FINISHED,Santos FC,São Paulo FC,0.0,0.0
432120,2023-11-22 22:00:00,2023,33,FINISHED,Cruzeiro EC,CR Vasco da Gama,2.0,2.0
432127,2023-11-23 00:30:00,2023,32,FINISHED,Fluminense FC,São Paulo FC,1.0,0.0
432156,2023-11-24 00:30:00,2023,30,FINISHED,CR Flamengo,RB Bragantino,1.0,0.0
432100,2023-11-25 00:00:00,2023,35,FINISHED,SC Corinthians Paulista,EC Bahia,1.0,5.0
432104,2023-11-25 22:30:00,2023,35,FINISHED,CA Paranaense,CR Vasco da Gama,0.0,0.0
432099,2023-11-26 00:00:00,2023,35,FINISHED,Fluminense FC,Coritiba FBC,2.0,1.0
432098,2023-11-26 19:00:00,2023,35,FINISHED,Botafogo FR,Santos FC,1.0,1.0
432106,2023-11-26 19:00:00,2023,35,FINISHED,CA Mineiro,Grêmio FBPA,3.0,0.0
432105,2023-11-26 21:30:00,2023,35,FINISHED,SC Internacional,RB Bragantino,1.0,0.0
432095,2023-11-29 00:30:00,2023,36,FINISHED,CR Vasco da Gama,SC Corinthians Paulista,2.0,4.0
432093,2023-11-29 22:00:00,2023,36,FINISHED,Santos FC,Fluminense FC,0.0,3.0
432096,2023-11-29 22:30:00,2023,36,FINISHED,CR Flamengo,CA Mineiro,0.0,3.0
432087,2023-11-29 23:00:00,2023,36,FINISHED,EC Bahia,São Paulo FC,0.0,1.0
432089,2023-11-30 00:30:00,2023,36,FINISHED,Coritiba FBC,Botafogo FR,1.0,1.0
432091,2023-11-30 23:00:00,2023,36,FINISHED,Cruzeiro EC,CA Paranaense,1.0,1.0
432080,2023-12-02 21:00:00,2023,37,FINISHED,SC Corinthians Paulista,SC Internacional,1.0,2.0
432082,2023-12-03 00:00:00,2023,37,FINISHED,CA Mineiro,São Paulo FC,2.0,1.0
432079,2023-12-03 19:00:00,2023,37,FINISHED,SE Palmeiras,Fluminense FC,1.0,0.0
432084,2023-12-03 21:30:00,2023,37,FINISHED,CA Paranaense,Santos FC,3.0,0.0
432081,2023-12-03 21:30:00,2023,37,FINISHED,RB Bragantino,Coritiba FBC,1.0,0.0
432078,2023-12-03 21:30:00,2023,37,FINISHED,Botafogo FR,Cruzeiro EC,0.0,0.0
432083,2023-12-03 21:30:00,2023,37,FINISHED,Grêmio FBPA,CR Vasco da Gama,1.0,0.0
432075,2023-12-07 00:30:00,2023,38,FINISHED,São Paulo FC,CR Flamengo,1.0,0.0
432073,2023-12-07 00:30:00,2023,38,FINISHED,Fluminense FC,Grêmio FBPA,2.0,3.0
432071,2023-12-07 00:30:00,2023,38,FINISHED,Cruzeiro EC,SE Palmeiras,1.0,1.0
432074,2023-12-07 00:30:00,2023,38,FINISHED,CR Vasco da Gama,RB Bragantino,2.0,1.0
432069,2023-12-07 00:30:00,2023,38,FINISHED,Coritiba FBC,SC Corinthians Paulista,0.0,2.0
432068,2023-12-07 00:30:00,2023,38,FINISHED,EC Bahia,CA Mineiro,4.0,1.0
432070,2023-12-07 00:30:00,2023,38,FINISHED,SC Internacional,Botafogo FR,3.0,1.0
493753,2024-04-13 21:30:00,2024,1,FINISHED,SC Internacional,EC Bahia,2.0,1.0
493756,2024-04-14 00:00:00,2024,1,FINISHED,Fluminense FC,RB Bragantino,2.0,2.0
493757,2024-04-14 19:00:00,2024,1,FINISHED,CR Vasco da Gama,Grêmio FBPA,2.0,1.0
493758,2024-04-14 19:00:00,2024,1,FINISHED,SC Corinthians Paulista,CA Mineiro,0.0,0.0
493754,2024-04-14 20:00:00,2024,1,FINISHED,Cruzeiro EC,Botafogo FR,3.0,2.0
493755,2024-04-14 21:30:00,2024,1,FINISHED,EC Vitória,SE Palmeiras,0.0,1.0
493764,2024-04-17 00:30:00,2024,2,FINISHED,EC Bahia,Fluminense FC,2.0,1.0
493770,2024-04-17 22:00:00,2024,2,FINISHED,Grêmio FBPA,CA Paranaense,2.0,0.0
493766,2024-04-17 22:00:00,2024,2,FINISHED,RB Bragantino,CR Vasco da Gama,2.0,1.0
493772,2024-04-17 23:00:00,2024,2,FINISHED,SE Palmeiras,SC Internacional,0.0,1.0
493768,2024-04-18 00:30:00,2024,2,FINISHED,CR Flamengo,São Paulo FC,2.0,1.0
493779,2024-04-20 19:00:00,2024,3,FINISHED,Fluminense FC,CR Vasco da Gama,2.0,1.0
493777,2024-04-20 21:30:00,2024,3,FINISHED,RB Bragantino,SC Corinthians Paulista,1.0,0.0
493775,2024-04-21 00:00:00,2024,3,FINISHED,CA Mineiro,Cruzeiro EC,3.0,0.0
493773,2024-04-21 19:00:00,2024,3,FINISHED,CA Paranaense,SC Internacional,1.0,0.0
493781,2024-04-21 19:00:00,2024,3,FINISHED,SE Palmeiras,CR Flamengo,0.0,0.0
493782,2024-04-21 19:00:00,2024,3,FINISHED,EC Vitória,EC Bahia,2.0,2.0
493783,2024-04-28 00:00:00,2024,4,FINISHED,EC Bahia,Grêmio FBPA,1.0,0.0
493787,2024-04-28 14:00:00,2024,4,FINISHED,CR Flamengo,Botafogo FR,0.0,2.0
493784,2024-04-28 19:00:00,2024,4,FINISHED,SC Corinthians Paulista,Fluminense FC,3.0,0.0
493785,2024-04-28 19:00:00,2024,4,FINISHED,Cruzeiro EC,EC Vitória,3.0,1.0
493791,2024-04-29 23:00:00,2024,4,FINISHED,São Paulo FC,SE Palmeiras,0.0,0.0
493799,2024-05-04 19:00:00,2024,5,FINISHED,Fluminense FC,CA Mineiro,2.0,2.0
493795,2024-05-04 21:30:00,2024,5,FINISHED,RB Bragantino,CR Flamengo,1.0,1.0
493802,2024-05-05 19:00:00,2024,5,FINISHED,EC Vitória,São Paulo FC,1.0,3.0
493793,2024-05-05 19:00:00,2024,5,FINISHED,CA Paranaense,CR Vasco da Gama,1.0,0.0
493794,2024-05-05 21:30:00,2024,5,FINISHED,Botafogo FR,EC Bahia,1.0,2.0
493807,2024-05-11 19:00:00,2024,6,FINISHED,CR Flamengo,SC Corinthians Paulista,2.0,0.0
493810,2024-05-12 19:00:00,2024,6,FINISHED,SE Palmeiras,CA Paranaense,0.0,2.0
493805,2024-05-12 21:30:00,2024,6,FINISHED,EC Bahia,RB Bragantino,1.0,0.0
493812,2024-05-12 21:30:00,2024,6,FINISHED,CR Vasco da Gama,EC Vitória,2.0,1.0
493811,2024-05-13 23:00:00,2024,6,FINISHED,São Paulo FC,Fluminense FC,2.0,1.0
493819,2024-06-01 19:00:00,2024,7,FINISHED,Grêmio FBPA,RB Bragantino,0.0,2.0
493814,2024-06-02 00:00:00,2024,7,FINISHED,SC Corinthians Paulista,Botafogo FR,0.0,1.0
493813,2024-06-02 19:00:00,2024,7,FINISHED,CA Mineiro,EC Bahia,1.0,1.0
493821,2024-06-02 19:00:00,2024,7,FINISHED,CR Vasco da Gama,CR Flamengo,1.0,6.0
493820,2024-06-02 21:30:00,2024,7,FINISHED,São Paulo FC,Cruzeiro EC,2.0,0.0
493826,2024-06-11 23:00:00,2024,8,FINISHED,Botafogo FR,Fluminense FC,1.0,0.0
493827,2024-06-12 00:30:00,2024,8,FINISHED,RB Bragantino,CA Mineiro,1.0,2.0
493829,2024-06-13 23:00:00,2024,8,FINISHED,CR Flamengo,Grêmio FBPA,2.0,1.0
493830,2024-06-13 23:00:00,2024,8,FINISHED,SC Internacional,São Paulo FC,0.0,0.0
493832,2024-06-14 00:30:00,2024,8,FINISHED,SE Palmeiras,CR Vasco da Gama,2.0,0.0
493842,2024-06-16 19:00:00,2024,9,FINISHED,EC Vitória,SC Internacional,2.0,1.0
493836,2024-06-16 19:00:00,2024,9,FINISHED,SC Corinthians Paulista,São Paulo FC,2.0,2.0
493833,2024-06-16 19:00:00,2024,9,FINISHED,CA Paranaense,CR Flamengo,1.0,1.0
493840,2024-06-16 21:30:00,2024,9,FINISHED,Grêmio FBPA,Botafogo FR,1.0,2.0
493841,2024-06-16 21:30:00,2024,9,FINISHED,CR Vasco da Gama,Cruzeiro EC,0.0,0.0
493834,2024-06-17 23:30:00,2024,9,FINISHED,CA Mineiro,SE Palmeiras,0.0,4.0
493844,2024-06-19 22:00:00,2024,10,FINISHED,Botafogo FR,CA Paranaense,1.0,1.0
493848,2024-06-20 00:30:00,2024,10,FINISHED,SC Internacional,SC Corinthians Paulista,1.0,0.0
493845,2024-06-20 00:30:00,2024,10,FINISHED,Cruzeiro EC,Fluminense FC,2.0,0.0
493852,2024-06-20 21:30:00,2024,10,FINISHED,EC Vitória,CA Mineiro,4.0,2.0
493846,2024-06-20 23:00:00,2024,10,FINISHED,CR Flamengo,EC Bahia,2.0,1.0
493850,2024-06-21 00:30:00,2024,10,FINISHED,SE Palmeiras,RB Bragantino,2.0,1.0
493860,2024-06-22 20:30:00,2024,11,FINISHED,Grêmio FBPA,SC Internacional,0.0,1.0
493862,2024-06-23 00:30:00,2024,11,FINISHED,CR Vasco da Gama,São Paulo FC,4.0,1.0
493853,2024-06-23 19:00:00,2024,11,FINISHED,CA Paranaense,SC Corinthians Paulista,1.0,1.0
493855,2024-06-23 19:00:00,2024,11,FINISHED,EC Bahia,Cruzeiro EC,4.0,1.0
493859,2024-06-23 19:00:00,2024,11,FINISHED,Fluminense FC,CR Flamengo,0.0,1.0
493856,2024-06-23 21:30:00,2024,11,FINISHED,RB Bragantino,EC Vitória,2.0,1.0
493865,2024-06-26 22:00:00,2024,12,FINISHED,Botafogo FR,RB Bragantino,2.0,1.0
493867,2024-06-26 22:00:00,2024,12,FINISHED,Cruzeiro EC,CA Paranaense,2.0,0.0
493864,2024-06-27 00:30:00,2024,12,FINISHED,EC Bahia,CR Vasco da Gama,2.0,1.0
493870,2024-06-27 00:30:00,2024,12,FINISHED,SC Internacional,CA Mineiro,1.0,2.0
493868,2024-06-27 22:00:00,2024,12,FINISHED,Fluminense FC,EC Vitória,0.0,1.0
493881,2024-06-29 21:30:00,2024,13,FINISHED,CR Vasco da Gama,Botafogo FR,1.0,1.0
493878,2024-06-30 19:00:00,2024,13,FINISHED,Grêmio FBPA,Fluminense FC,1.0,0.0
493880,2024-06-30 19:00:00,2024,13,FINISHED,São Paulo FC,EC Bahia,3.0,1.0
493876,2024-06-30 21:30:00,2024,13,FINISHED,CR Flamengo,Cruzeiro EC,2.0,1.0
493882,2024-06-30 21:30:00,2024,13,FINISHED,EC Vitória,CA Paranaense,0.0,1.0
493879,2024-07-01 23:00:00,2024,13,FINISHED,SE Palmeiras,SC Corinthians Paulista,2.0,0.0
493883,2024-07-04 00:30:00,2024,14,FINISHED,CA Paranaense,São Paulo FC,1.0,2.0
493884,2024-07-04 00:30:00,2024,14,FINISHED,CA Mineiro,CR Flamengo,2.0,4.0
493891,2024-07-04 22:00:00,2024,14,FINISHED,Grêmio FBPA,SE Palmeiras,2.0,2.0
493887,2024-07-04 23:00:00,2024,14,FINISHED,SC Corinthians Paulista,EC Vitória,3.0,2.0
493890,2024-07-04 23:00:00,2024,14,FINISHED,Fluminense FC,SC Internacional,1.0,1.0
493901,2024-07-06 23:00:00,2024,15,FINISHED,São Paulo FC,RB Bragantino,2.0,0.0
493895,2024-07-07 19:00:00,2024,15,FINISHED,Cruzeiro EC,SC Corinthians Paulista,3.0,0.0
493898,2024-07-07 21:00:00,2024,15,FINISHED,SC Internacional,CR Vasco da Gama,1.0,2.0
493900,2024-07-07 21:30:00,2024,15,FINISHED,SE Palmeiras,EC Bahia,2.0,0.0
493894,2024-07-07 23:30:00,2024,15,FINISHED,Botafogo FR,CA Mineiro,3.0,0.0
493909,2024-07-10 21:30:00,2024,16,FINISHED,Grêmio FBPA,Cruzeiro EC,0.0,2.0
493903,2024-07-10 22:00:00,2024,16,FINISHED,CA Paranaense,EC Bahia,1.0,3.0
493911,2024-07-10 22:00:00,2024,16,FINISHED,CR Vasco da Gama,SC Corinthians Paulista,2.0,0.0
493912,2024-07-12 00:30:00,2024,16,FINISHED,EC Vitória,Botafogo FR,0.0,1.0
493904,2024-07-12 00:30:00,2024,16,FINISHED,CA Mineiro,São Paulo FC,2.0,1.0
493917,2024-07-13 19:00:00,2024,17,FINISHED,Cruzeiro EC,RB Bragantino,2.0,1.0
493922,2024-07-17 23:00:00,2024,17,FINISHED,São Paulo FC,Grêmio FBPA,1.0,0.0
493915,2024-07-18 00:30:00,2024,17,FINISHED,Botafogo FR,SE Palmeiras,1.0,0.0
493925,2024-07-20 21:30:00,2024,18,FINISHED,Botafogo FR,SC Internacional,1.0,0.0
493932,2024-07-21 00:00:00,2024,18,FINISHED,SE Palmeiras,Cruzeiro EC,2.0,0.0
493930,2024-07-21 14:00:00,2024,18,FINISHED,Grêmio FBPA,EC Vitória,2.0,0.0
493923,2024-07-21 19:00:00,2024,18,FINISHED,CA Mineiro,CR Vasco da Gama,2.0,0.0
493924,2024-07-21 19:00:00,2024,18,FINISHED,EC Bahia,SC Corinthians Paulista,0.0,1.0
493926,2024-07-21 21:30:00,2024,18,FINISHED,RB Bragantino,CA Paranaense,1.0,0.0
493940,2024-07-24 22:30:00,2024,19,FINISHED,São Paulo FC,Botafogo FR,2.0,2.0
493942,2024-07-24 23:00:00,2024,19,FINISHED,EC Vitória,CR Flamengo,1.0,2.0
493938,2024-07-25 00:30:00,2024,19,FINISHED,Fluminense FC,SE Palmeiras,1.0,0.0
493935,2024-07-25 23:00:00,2024,19,FINISHED,SC Corinthians Paulista,Grêmio FBPA,2.0,2.0
493952,2024-07-27 22:00:00,2024,20,FINISHED,SE Palmeiras,EC Vitória,0.0,2.0
493944,2024-07-27 23:00:00,2024,20,FINISHED,EC Bahia,SC Internacional,1.0,1.0
493945,2024-07-28 00:30:00,2024,20,FINISHED,Botafogo FR,Cruzeiro EC,0.0,3.0
493946,2024-07-28 14:00:00,2024,20,FINISHED,RB Bragantino,Fluminense FC,0.0,1.0
493943,2024-07-28 22:00:00,2024,20,FINISHED,CA Mineiro,SC Corinthians Paulista,2.0,1.0
493950,2024-07-28 22:00:00,2024,20,FINISHED,Grêmio FBPA,CR Vasco da Gama,1.0,0.0
493961,2024-08-03 22:00:00,2024,21,FINISHED,CR Vasco da Gama,RB Bragantino,2.0,2.0
493960,2024-08-04 00:30:00,2024,21,FINISHED,São Paulo FC,CR Flamengo,1.0,0.0
493953,2024-08-04 19:00:00,2024,21,FINISHED,CA Paranaense,Grêmio FBPA,0.0,2.0
493958,2024-08-04 19:00:00,2024,21,FINISHED,Fluminense FC,EC Bahia,1.0,0.0
493959,2024-08-04 20:00:00,2024,21,FINISHED,SC Internacional,SE Palmeiras,1.0,1.0
493972,2024-08-11 00:30:00,2024,22,FINISHED,CR Vasco da Gama,Fluminense FC,2.0,0.0
493964,2024-08-11 00:30:00,2024,22,FINISHED,SC Corinthians Paulista,RB Bragantino,1.0,1.0
493965,2024-08-11 00:30:00,2024,22,FINISHED,Cruzeiro EC,CA Mineiro,0.0,0.0
493963,2024-08-11 19:00:00,2024,22,FINISHED,EC Bahia,EC Vitória,2.0,0.0
493967,2024-08-11 19:00:00,2024,22,FINISHED,CR Flamengo,SE Palmeiras,1.0,1.0
493969,2024-08-11 22:00:00,2024,22,FINISHED,SC Internacional,CA Paranaense,2.0,2.0
493980,2024-08-17 19:00:00,2024,23,FINISHED,Grêmio FBPA,EC Bahia,0.0,2.0
493979,2024-08-18 00:00:00,2024,23,FINISHED,Fluminense FC,SC Corinthians Paulista,0.0,0.0
493981,2024-08-18 19:00:00,2024,23,FINISHED,SE Palmeiras,São Paulo FC,2.0,1.0
493976,2024-08-18 21:30:00,2024,23,FINISHED,Botafogo FR,CR Flamengo,4.0,1.0
493982,2024-08-19 23:00:00,2024,23,FINISHED,EC Vitória,Cruzeiro EC,2.0,2.0
493984,2024-08-25 00:00:00,2024,24,FINISHED,CA Mineiro,Fluminense FC,0.0,2.0
493985,2024-08-25 19:00:00,2024,24,FINISHED,EC Bahia,Botafogo FR,0.0,0.0
493991,2024-08-25 21:30:00,2024,24,FINISHED,São Paulo FC,EC Vitória,2.0,1.0
493989,2024-08-25 22:00:00,2024,24,FINISHED,SC Internacional,Cruzeiro EC,1.0,0.0
493987,2024-08-25 23:00:00,2024,24,FINISHED,CR Flamengo,RB Bragantino,2.0,1.0
493992,2024-08-27 00:00:00,2024,24,FINISHED,CR Vasco da Gama,CA Paranaense,2.0,1.0
493797,2024-08-28 22:30:00,2024,5,FINISHED,Cruzeiro EC,SC Internacional,0.0,0.0
494000,2024-09-01 14:00:00,2024,25,FINISHED,Grêmio FBPA,CA Mineiro,2.0,3.0
493996,2024-09-01 19:00:00,2024,25,FINISHED,SC Corinthians Paulista,CR Flamengo,2.0,1.0
494002,2024-09-01 21:30:00,2024,25,FINISHED,EC Vitória,CR Vasco da Gama,0.0,1.0
493993,2024-09-01 21:30:00,2024,25,FINISHED,CA Paranaense,SE Palmeiras,0.0,2.0
493995,2024-09-01 21:30:00,2024,25,FINISHED,RB Bragantino,EC Bahia,2.0,1.0
493999,2024-09-01 21:30:00,2024,25,FINISHED,Fluminense FC,São Paulo FC,2.0,0.0
494006,2024-09-15 00:00:00,2024,26,FINISHED,Botafogo FR,SC Corinthians Paulista,2.0,1.0
494007,2024-09-15 19:00:00,2024,26,FINISHED,RB Bragantino,Grêmio FBPA,2.0,2.0
494009,2024-09-15 21:30:00,2024,26,FINISHED,CR Flamengo,CR Vasco da Gama,1.0,1.0
494005,2024-09-15 21:30:00,2024,26,FINISHED,EC Bahia,CA Mineiro,3.0,0.0
494008,2024-09-15 21:30:00,2024,26,FINISHED,Cruzeiro EC,São Paulo FC,0.0,1.0
494017,2024-09-21 21:30:00,2024,27,FINISHED,Fluminense FC,Botafogo FR,0.0,1.0
494021,2024-09-22 19:00:00,2024,27,FINISHED,CR Vasco da Gama,SE Palmeiras,0.0,1.0
494013,2024-09-22 19:00:00,2024,27,FINISHED,CA Mineiro,RB Bragantino,3.0,0.0
494020,2024-09-22 21:30:00,2024,27,FINISHED,São Paulo FC,SC Internacional,1.0,3.0
494019,2024-09-22 21:30:00,2024,27,FINISHED,Grêmio FBPA,CR Flamengo,3.0,2.0
493905,2024-09-25 22:00:00,2024,16,FINISHED,RB Bragantino,SC Internacional,2.0,2.0
494031,2024-09-28 21:30:00,2024,28,FINISHED,SE Palmeiras,CA Mineiro,2.0,1.0
494025,2024-09-29 00:00:00,2024,28,FINISHED,Botafogo FR,Grêmio FBPA,0.0,0.0
494032,2024-09-29 19:00:00,2024,28,FINISHED,São Paulo FC,SC Corinthians Paulista,3.0,1.0
494029,2024-09-29 21:30:00,2024,28,FINISHED,SC Internacional,EC Vitória,3.0,1.0
494026,2024-09-29 21:30:00,2024,28,FINISHED,Cruzeiro EC,CR Vasco da Gama,1.0,1.0
494027,2024-09-29 23:00:00,2024,28,FINISHED,CR Flamengo,CA Paranaense,1.0,0.0
494040,2024-10-04 00:30:00,2024,29,FINISHED,Fluminense FC,Cruzeiro EC,1.0,0.0
494033,2024-10-05 19:30:00,2024,29,FINISHED,CA Paranaense,Botafogo FR,0.0,1.0
494034,2024-10-05 19:30:00,2024,29,FINISHED,CA Mineiro,EC Vitória,2.0,2.0
494036,2024-10-05 19:30:00,2024,29,FINISHED,RB Bragantino,SE Palmeiras,0.0,0.0
494035,2024-10-05 22:00:00,2024,29,FINISHED,EC Bahia,CR Flamengo,0.0,2.0
494037,2024-10-05 22:00:00,2024,29,FINISHED,SC Corinthians Paulista,SC Internacional,2.0,2.0
493804,2024-10-09 22:30:00,2024,6,FINISHED,CA Mineiro,Grêmio FBPA,2.0,1.0
494051,2024-10-17 00:45:00,2024,30,FINISHED,São Paulo FC,CR Vasco da Gama,3.0,0.0
494045,2024-10-17 23:00:00,2024,30,FINISHED,SC Corinthians Paulista,CA Paranaense,5.0,2.0
494047,2024-10-17 23:00:00,2024,30,FINISHED,CR Flamengo,Fluminense FC,0.0,2.0
494046,2024-10-19 00:30:00,2024,30,FINISHED,Cruzeiro EC,EC Bahia,1.0,1.0
494049,2024-10-19 19:00:00,2024,30,FINISHED,SC Internacional,Grêmio FBPA,1.0,0.0
494052,2024-10-19 19:00:00,2024,30,FINISHED,EC Vitória,RB Bragantino,1.0,0.0
493918,2024-10-22 22:30:00,2024,17,FINISHED,Fluminense FC,CA Paranaense,1.0,0.0
494062,2024-10-26 19:30:00,2024,31,FINISHED,EC Vitória,Fluminense FC,2.0,1.0
494053,2024-10-26 21:30:00,2024,31,FINISHED,CA Paranaense,Cruzeiro EC,3.0,0.0
494054,2024-10-26 22:00:00,2024,31,FINISHED,CA Mineiro,SC Internacional,1.0,3.0
494055,2024-10-26 22:00:00,2024,31,FINISHED,RB Bragantino,Botafogo FR,0.0,1.0
494061,2024-10-29 00:00:00,2024,31,FINISHED,CR Vasco da Gama,EC Bahia,3.0,2.0
493920,2024-10-30 22:00:00,2024,17,FINISHED,SC Internacional,CR Flamengo,1.0,1.0
494070,2024-11-02 00:00:00,2024,32,FINISHED,Fluminense FC,Grêmio FBPA,2.0,2.0
494063,2024-11-02 21:30:00,2024,32,FINISHED,CA Paranaense,EC Vitória,1.0,2.0
494068,2024-11-04 23:00:00,2024,32,FINISHED,SC Corinthians Paulista,SE Palmeiras,2.0,0.0
494065,2024-11-06 00:30:00,2024,32,FINISHED,EC Bahia,São Paulo FC,0.0,3.0
494066,2024-11-06 00:30:00,2024,32,FINISHED,Botafogo FR,CR Vasco da Gama,3.0,0.0
494069,2024-11-07 00:00:00,2024,32,FINISHED,Cruzeiro EC,CR Flamengo,0.0,1.0
494078,2024-11-08 22:00:00,2024,33,FINISHED,SC Internacional,Fluminense FC,2.0,0.0
494080,2024-11-09 00:30:00,2024,33,FINISHED,SE Palmeiras,Grêmio FBPA,1.0,0.0
494082,2024-11-09 19:30:00,2024,33,FINISHED,EC Vitória,SC Corinthians Paulista,1.0,2.0
494081,2024-11-10 00:00:00,2024,33,FINISHED,São Paulo FC,CA Paranaense,2.0,1.0
494076,2024-11-13 23:00:00,2024,33,FINISHED,CR Flamengo,CA Mineiro,0.0,0.0
493933,2024-11-16 21:30:00,2024,19,FINISHED,CA Paranaense,CA Mineiro,1.0,0.0
494087,2024-11-20 14:00:00,2024,34,FINISHED,SC Corinthians Paulista,Cruzeiro EC,2.0,1.0
494086,2024-11-20 19:30:00,2024,34,FINISHED,RB Bragantino,São Paulo FC,1.0,1.0
494085,2024-11-20 21:00:00,2024,34,FINISHED,EC Bahia,SE Palmeiras,1.0,2.0
494084,2024-11-21 00:30:00,2024,34,FINISHED,CA Mineiro,Botafogo FR,0.0,0.0
494092,2024-11-21 23:00:00,2024,34,FINISHED,CR Vasco da Gama,SC Internacional,0.0,1.0
494095,2024-11-23 22:30:00,2024,35,FINISHED,Botafogo FR,EC Vitória,1.0,1.0
494102,2024-11-24 00:30:00,2024,35,FINISHED,São Paulo FC,CA Mineiro,2.0,2.0
494100,2024-11-24 19:00:00,2024,35,FINISHED,SC Internacional,RB Bragantino,4.0,1.0
494096,2024-11-24 19:00:00,2024,35,FINISHED,SC Corinthians Paulista,CR Vasco da Gama,3.0,1.0
494094,2024-11-24 19:00:00,2024,35,FINISHED,EC Bahia,CA Paranaense,1.0,1.0
494110,2024-11-27 00:30:00,2024,36,FINISHED,SE Palmeiras,Botafogo FR,1.0,3.0
494097,2024-11-28 00:00:00,2024,35,FINISHED,Cruzeiro EC,Grêmio FBPA,1.0,1.0
494109,2024-12-01 19:00:00,2024,36,FINISHED,Grêmio FBPA,São Paulo FC,2.0,1.0
494108,2024-12-01 19:00:00,2024,36,FINISHED,CR Flamengo,SC Internacional,3.0,2.0
494105,2024-12-01 21:30:00,2024,36,FINISHED,RB Bragantino,Cruzeiro EC,1.0,1.0
494103,2024-12-01 21:30:00,2024,36,FINISHED,CA Paranaense,Fluminense FC,1.0,1.0
494115,2024-12-03 23:00:00,2024,37,FINISHED,SC Corinthians Paulista,EC Bahia,3.0,0.0
494121,2024-12-04 22:00:00,2024,37,FINISHED,CR Vasco da Gama,CA Mineiro,2.0,0.0
494122,2024-12-04 23:00:00,2024,37,FINISHED,EC Vitória,Grêmio FBPA,1.0,1.0
494117,2024-12-05 00:30:00,2024,37,FINISHED,Cruzeiro EC,SE Palmeiras,1.0,2.0
494119,2024-12-05 00:30:00,2024,37,FINISHED,SC Internacional,Botafogo FR,0.0,1.0
494113,2024-12-05 23:00:00,2024,37,FINISHED,CA Paranaense,RB Bragantino,1.0,2.0
494132,2024-12-08 19:00:00,2024,38,FINISHED,SE Palmeiras,Fluminense FC,0.0,1.0
494130,2024-12-08 19:00:00,2024,38,FINISHED,Grêmio FBPA,SC Corinthians Paulista,0.0,3.0
494128,2024-12-08 19:00:00,2024,38,FINISHED,CR Flamengo,EC Vitória,2.0,2.0
494123,2024-12-08 19:00:00,2024,38,FINISHED,CA Mineiro,CA Paranaense,1.0,0.0
494125,2024-12-08 19:00:00,2024,38,FINISHED,Botafogo FR,São Paulo FC,2.0,1.0
534941,2025-03-29 21:30:00,2025,1,FINISHED,Grêmio FBPA,CA Mineiro,2.0,1.0
534940,2025-03-29 21:30:00,2025,1,FINISHED,Cruzeiro EC,Mirassol FC,2.0,1.0
534935,2025-03-30 00:00:00,2025,1,FINISHED,CR Flamengo,SC Internacional,1.0,1.0
534937,2025-03-30 19:00:00,2025,1,FINISHED,SE Palmeiras,Botafogo FR,0.0,0.0
534936,2025-03-30 21:30:00,2025,1,FINISHED,CR Vasco da Gama,Santos FC,2.0,1.0
534942,2025-03-30 23:00:00,2025,1,FINISHED,EC Bahia,SC Corinthians Paulista,1.0,1.0
534947,2025-04-05 21:30:00,2025,2,FINISHED,SC Corinthians Paulista,CR Vasco da Gama,3.0,0.0
534950,2025-04-06 19:00:00,2025,2,FINISHED,CA Mineiro,São Paulo FC,0.0,0.0
534945,2025-04-06 19:00:00,2025,2,FINISHED,Fluminense FC,RB Bragantino,2.0,1.0
534951,2025-04-06 21:30:00,2025,2,FINISHED,SC Internacional,Cruzeiro EC,3.0,0.0
534952,2025-04-06 21:30:00,2025,2,FINISHED,EC Vitória,CR Flamengo,1.0,2.0
534948,2025-04-06 23:30:00,2025,2,FINISHED,Santos FC,EC Bahia,2.0,2.0
534959,2025-04-12 19:00:00,2025,3,FINISHED,RB Bragantino,Botafogo FR,1.0,0.0
534957,2025-04-12 21:30:00,2025,3,FINISHED,SE Palmeiras,SC Corinthians Paulista,2.0,0.0
534962,2025-04-13 19:00:00,2025,3,FINISHED,EC Bahia,Mirassol FC,1.0,1.0
534958,2025-04-13 20:30:00,2025,3,FINISHED,São Paulo FC,Cruzeiro EC,1.0,1.0
534961,2025-04-13 20:30:00,2025,3,FINISHED,Grêmio FBPA,CR Flamengo,0.0,2.0
534955,2025-04-13 22:30:00,2025,3,FINISHED,Fluminense FC,Santos FC,1.0,0.0
534960,2025-04-13 23:30:00,2025,3,FINISHED,CA Mineiro,EC Vitória,2.0,2.0
534966,2025-04-16 21:30:00,2025,4,FINISHED,Botafogo FR,São Paulo FC,2.0,2.0
534969,2025-04-16 22:00:00,2025,4,FINISHED,Mirassol FC,Grêmio FBPA,4.0,1.0
534967,2025-04-16 22:30:00,2025,4,FINISHED,SC Corinthians Paulista,Fluminense FC,0.0,2.0
534971,2025-04-16 22:30:00,2025,4,FINISHED,SC Internacional,SE Palmeiras,0.0,1.0
534968,2025-04-17 00:30:00,2025,4,FINISHED,Santos FC,CA Mineiro,2.0,0.0
534970,2025-04-18 00:30:00,2025,4,FINISHED,Cruzeiro EC,EC Bahia,3.0,0.0
534976,2025-04-19 21:30:00,2025,5,FINISHED,CR Vasco da Gama,CR Flamengo,0.0,0.0
534981,2025-04-20 00:00:00,2025,5,FINISHED,Grêmio FBPA,SC Internacional,1.0,1.0
534978,2025-04-20 19:00:00,2025,5,FINISHED,São Paulo FC,Santos FC,2.0,1.0
534980,2025-04-20 19:00:00,2025,5,FINISHED,CA Mineiro,Botafogo FR,1.0,0.0
534975,2025-04-20 21:30:00,2025,5,FINISHED,Fluminense FC,EC Vitória,1.0,1.0
534979,2025-04-20 23:30:00,2025,5,FINISHED,RB Bragantino,Cruzeiro EC,1.0,0.0
534989,2025-04-26 21:30:00,2025,6,FINISHED,Mirassol FC,CA Mineiro,2.0,2.0
534986,2025-04-27 00:00:00,2025,6,FINISHED,Botafogo FR,Fluminense FC,2.0,0.0
534985,2025-04-27 19:00:00,2025,6,FINISHED,CR Flamengo,SC Corinthians Paulista,4.0,0.0
534987,2025-04-27 21:30:00,2025,6,FINISHED,SE Palmeiras,EC Bahia,0.0,1.0
534990,2025-04-27 21:30:00,2025,6,FINISHED,Cruzeiro EC,CR Vasco da Gama,1.0,0.0
534992,2025-04-27 21:30:00,2025,6,FINISHED,EC Vitória,Grêmio FBPA,1.0,1.0
534988,2025-04-27 23:30:00,2025,6,FINISHED,Santos FC,RB Bragantino,1.0,2.0
534997,2025-05-03 21:30:00,2025,7,FINISHED,SC Corinthians Paulista,SC Internacional,4.0,2.0
535002,2025-05-04 00:00:00,2025,7,FINISHED,EC Bahia,Botafogo FR,1.0,0.0
534996,2025-05-04 19:00:00,2025,7,FINISHED,CR Vasco da Gama,SE Palmeiras,0.0,1.0
535001,2025-05-04 19:00:00,2025,7,FINISHED,Grêmio FBPA,Santos FC,1.0,0.0
535000,2025-05-04 21:30:00,2025,7,FINISHED,Cruzeiro EC,CR Flamengo,2.0,1.0
534999,2025-05-05 22:00:00,2025,7,FINISHED,RB Bragantino,Mirassol FC,1.0,0.0
535012,2025-05-10 21:30:00,2025,8,FINISHED,EC Vitória,CR Vasco da Gama,2.0,1.0
535009,2025-05-10 21:30:00,2025,8,FINISHED,Mirassol FC,SC Corinthians Paulista,2.0,1.0
535011,2025-05-10 21:30:00,2025,8,FINISHED,Grêmio FBPA,RB Bragantino,1.0,1.0
535005,2025-05-11 00:00:00,2025,8,FINISHED,CR Flamengo,EC Bahia,1.0,0.0
535007,2025-05-11 20:30:00,2025,8,FINISHED,SE Palmeiras,São Paulo FC,1.0,0.0
535010,2025-05-11 20:30:00,2025,8,FINISHED,CA Mineiro,Fluminense FC,3.0,2.0
535006,2025-05-11 23:00:00,2025,8,FINISHED,Botafogo FR,SC Internacional,4.0,0.0
535018,2025-05-18 00:00:00,2025,9,FINISHED,São Paulo FC,Grêmio FBPA,2.0,1.0
535017,2025-05-18 19:00:00,2025,9,FINISHED,SC Corinthians Paulista,Santos FC,1.0,0.0
535022,2025-05-18 19:00:00,2025,9,FINISHED,EC Bahia,EC Vitória,2.0,1.0
535019,2025-05-18 21:30:00,2025,9,FINISHED,RB Bragantino,SE Palmeiras,1.0,2.0
535015,2025-05-18 21:30:00,2025,9,FINISHED,CR Flamengo,Botafogo FR,0.0,0.0
535020,2025-05-18 23:30:00,2025,9,FINISHED,Cruzeiro EC,CA Mineiro,0.0,0.0
535021,2025-05-18 23:30:00,2025,9,FINISHED,SC Internacional,Mirassol FC,1.0,1.0
535025,2025-05-24 21:30:00,2025,10,FINISHED,Fluminense FC,CR Vasco da Gama,2.0,1.0
535028,2025-05-24 21:30:00,2025,10,FINISHED,São Paulo FC,Mirassol FC,0.0,2.0
535030,2025-05-25 00:00:00,2025,10,FINISHED,CA Mineiro,SC Corinthians Paulista,0.0,0.0
535031,2025-05-25 14:00:00,2025,10,FINISHED,Grêmio FBPA,EC Bahia,1.0,0.0
535027,2025-05-25 19:00:00,2025,10,FINISHED,SE Palmeiras,CR Flamengo,0.0,2.0
535032,2025-05-25 21:30:00,2025,10,FINISHED,EC Vitória,Santos FC,0.0,1.0
535042,2025-05-31 21:30:00,2025,11,FINISHED,EC Bahia,São Paulo FC,2.0,1.0
535036,2025-06-01 00:00:00,2025,11,FINISHED,CR Vasco da Gama,RB Bragantino,0.0,2.0
535038,2025-06-01 19:00:00,2025,11,FINISHED,Santos FC,Botafogo FR,0.0,1.0
535037,2025-06-01 21:30:00,2025,11,FINISHED,SC Corinthians Paulista,EC Vitória,0.0,0.0
535040,2025-06-01 22:30:00,2025,11,FINISHED,Cruzeiro EC,SE Palmeiras,2.0,1.0
535041,2025-06-01 23:30:00,2025,11,FINISHED,SC Internacional,Fluminense FC,0.0,2.0
535052,2025-06-12 22:00:00,2025,12,FINISHED,EC Vitória,Cruzeiro EC,0.0,0.0
535049,2025-06-12 22:00:00,2025,12,FINISHED,RB Bragantino,EC Bahia,0.0,3.0
535051,2025-06-12 23:00:00,2025,12,FINISHED,Grêmio FBPA,SC Corinthians Paulista,1.0,1.0
535048,2025-06-13 00:30:00,2025,12,FINISHED,São Paulo FC,CR Vasco da Gama,1.0,3.0
535050,2025-06-13 00:30:00,2025,12,FINISHED,CA Mineiro,SC Internacional,2.0,0.0
535055,2025-07-12 19:30:00,2025,13,FINISHED,CR Flamengo,São Paulo FC,2.0,0.0
535061,2025-07-12 19:30:00,2025,13,FINISHED,SC Internacional,EC Vitória,1.0,0.0
535056,2025-07-12 21:30:00,2025,13,FINISHED,CR Vasco da Gama,Botafogo FR,0.0,2.0
535062,2025-07-13 00:00:00,2025,13,FINISHED,EC Bahia,CA Mineiro,2.0,1.0
535057,2025-07-13 22:00:00,2025,13,FINISHED,SC Corinthians Paulista,RB Bragantino,1.0,2.0
535060,2025-07-13 23:30:00,2025,13,FINISHED,Cruzeiro EC,Grêmio FBPA,4.0,1.0
535067,2025-07-16 22:00:00,2025,14,FINISHED,SE Palmeiras,Mirassol FC,1.0,1.0
535068,2025-07-16 23:00:00,2025,14,FINISHED,Santos FC,CR Flamengo,1.0,0.0
535066,2025-07-17 00:30:00,2025,14,FINISHED,Botafogo FR,EC Vitória,0.0,0.0
535069,2025-07-17 00:30:00,2025,14,FINISHED,RB Bragantino,São Paulo FC,2.0,2.0
535065,2025-07-17 22:30:00,2025,14,FINISHED,Fluminense FC,Cruzeiro EC,0.0,2.0
535076,2025-07-19 20:30:00,2025,15,FINISHED,CR Vasco da Gama,Grêmio FBPA,1.0,1.0
535079,2025-07-19 21:30:00,2025,15,FINISHED,Mirassol FC,Santos FC,3.0,0.0
535078,2025-07-20 00:00:00,2025,15,FINISHED,São Paulo FC,SC Corinthians Paulista,2.0,0.0
535082,2025-07-20 19:00:00,2025,15,FINISHED,EC Vitória,RB Bragantino,1.0,0.0
535077,2025-07-20 20:30:00,2025,15,FINISHED,SE Palmeiras,CA Mineiro,3.0,2.0
535075,2025-07-20 22:30:00,2025,15,FINISHED,CR Flamengo,Fluminense FC,1.0,0.0
535085,2025-07-23 22:00:00,2025,16,FINISHED,Fluminense FC,SE Palmeiras,1.0,2.0
535087,2025-07-23 22:30:00,2025,16,FINISHED,SC Corinthians Paulista,Cruzeiro EC,0.0,0.0
535088,2025-07-24 00:30:00,2025,16,FINISHED,Santos FC,SC Internacional,1.0,2.0
535089,2025-07-24 00:30:00,2025,16,FINISHED,RB Bragantino,CR Flamengo,1.0,2.0
535099,2025-07-26 21:30:00,2025,17,FINISHED,Mirassol FC,EC Vitória,1.0,1.0
535096,2025-07-26 21:30:00,2025,17,FINISHED,Botafogo FR,SC Corinthians Paulista,1.0,1.0
535097,2025-07-27 00:00:00,2025,17,FINISHED,SE Palmeiras,Grêmio FBPA,1.0,0.0
535098,2025-07-27 19:00:00,2025,17,FINISHED,São Paulo FC,Fluminense FC,3.0,1.0
535101,2025-07-27 21:30:00,2025,17,FINISHED,SC Internacional,CR Vasco da Gama,1.0,1.0
535095,2025-07-27 23:30:00,2025,17,FINISHED,CR Flamengo,CA Mineiro,1.0,0.0
535109,2025-08-02 21:30:00,2025,18,FINISHED,Mirassol FC,CR Vasco da Gama,3.0,2.0
535105,2025-08-03 00:00:00,2025,18,FINISHED,Fluminense FC,Grêmio FBPA,1.0,0.0
535106,2025-08-03 19:00:00,2025,18,FINISHED,Botafogo FR,Cruzeiro EC,0.0,2.0
535110,2025-08-03 21:30:00,2025,18,FINISHED,CA Mineiro,RB Bragantino,2.0,1.0
535112,2025-08-03 22:30:00,2025,18,FINISHED,EC Vitória,SE Palmeiras,2.0,2.0
535111,2025-08-03 23:30:00,2025,18,FINISHED,SC Internacional,São Paulo FC,1.0,2.0
535115,2025-08-09 21:30:00,2025,19,FINISHED,CR Flamengo,Mirassol FC,2.0,1.0
535118,2025-08-09 21:30:00,2025,19,FINISHED,São Paulo FC,EC Vitória,2.0,0.0
535119,2025-08-09 21:30:00,2025,19,FINISHED,RB Bragantino,SC Internacional,1.0,3.0
535122,2025-08-10 00:00:00,2025,19,FINISHED,EC Bahia,Fluminense FC,3.0,3.0
535116,2025-08-10 19:00:00,2025,19,FINISHED,CR Vasco da Gama,CA Mineiro,1.0,1.0
535120,2025-08-10 21:30:00,2025,19,FINISHED,Cruzeiro EC,Santos FC,1.0,2.0
535127,2025-08-17 00:00:00,2025,20,FINISHED,SC Corinthians Paulista,EC Bahia,1.0,2.0
535130,2025-08-17 19:00:00,2025,20,FINISHED,CA Mineiro,Grêmio FBPA,1.0,3.0
535128,2025-08-17 19:00:00,2025,20,FINISHED,Santos FC,CR Vasco da Gama,0.0,6.0
535131,2025-08-17 21:30:00,2025,20,FINISHED,SC Internacional,CR Flamengo,1.0,3.0
535126,2025-08-17 23:30:00,2025,20,FINISHED,Botafogo FR,SE Palmeiras,0.0,1.0
535129,2025-08-18 23:00:00,2025,20,FINISHED,Mirassol FC,Cruzeiro EC,1.0,1.0
535139,2025-08-23 19:00:00,2025,21,FINISHED,RB Bragantino,Fluminense FC,4.0,2.0
535140,2025-08-23 21:30:00,2025,21,FINISHED,Cruzeiro EC,SC Internacional,2.0,1.0
535136,2025-08-24 19:00:00,2025,21,FINISHED,CR Vasco da Gama,SC Corinthians Paulista,2.0,3.0
535142,2025-08-24 19:00:00,2025,21,FINISHED,EC Bahia,Santos FC,2.0,0.0
535138,2025-08-24 23:30:00,2025,21,FINISHED,São Paulo FC,CA Mineiro,2.0,0.0
535135,2025-08-26 00:00:00,2025,21,FINISHED,CR Flamengo,EC Vitória,8.0,0.0
535146,2025-08-30 21:30:00,2025,22,FINISHED,Botafogo FR,RB Bragantino,4.0,1.0
535150,2025-08-31 00:00:00,2025,22,FINISHED,Cruzeiro EC,São Paulo FC,1.0,0.0
535145,2025-08-31 19:00:00,2025,22,FINISHED,CR Flamengo,Grêmio FBPA,1.0,1.0
535148,2025-08-31 19:00:00,2025,22,FINISHED,Santos FC,Fluminense FC,0.0,0.0
535147,2025-08-31 21:30:00,2025,22,FINISHED,SC Corinthians Paulista,SE Palmeiras,1.0,1.0
535149,2025-08-31 21:30:00,2025,22,FINISHED,Mirassol FC,EC Bahia,5.0,1.0
535152,2025-08-31 21:30:00,2025,22,FINISHED,EC Vitória,CA Mineiro,1.0,0.0
535161,2025-09-13 19:00:00,2025,23,FINISHED,Grêmio FBPA,Mirassol FC,0.0,1.0
535157,2025-09-13 21:30:00,2025,23,FINISHED,SE Palmeiras,SC Internacional,4.0,1.0
535155,2025-09-14 00:00:00,2025,23,FINISHED,Fluminense FC,SC Corinthians Paulista,0.0,1.0
535160,2025-09-14 19:00:00,2025,23,FINISHED,CA Mineiro,Santos FC,1.0,1.0
535158,2025-09-14 20:30:00,2025,23,FINISHED,São Paulo FC,Botafogo FR,1.0,0.0
535162,2025-09-15 23:00:00,2025,23,FINISHED,EC Bahia,Cruzeiro EC,1.0,2.0
535046,2025-09-17 22:30:00,2025,12,FINISHED,Botafogo FR,Mirassol FC,3.0,3.0
535172,2025-09-20 19:00:00,2025,24,FINISHED,EC Vitória,Fluminense FC,0.0,1.0
535166,2025-09-20 21:30:00,2025,24,FINISHED,Botafogo FR,CA Mineiro,1.0,0.0
535165,2025-09-21 20:30:00,2025,24,FINISHED,CR Flamengo,CR Vasco da Gama,1.0,1.0
535171,2025-09-21 20:30:00,2025,24,FINISHED,SC Internacional,Grêmio FBPA,2.0,3.0
535168,2025-09-21 23:30:00,2025,24,FINISHED,Santos FC,São Paulo FC,1.0,0.0
535170,2025-09-21 23:30:00,2025,24,FINISHED,Cruzeiro EC,RB Bragantino,2.0,1.0
535086,2025-09-24 22:30:00,2025,16,FINISHED,CR Vasco da Gama,EC Bahia,3.0,1.0
535091,2025-09-24 22:30:00,2025,16,FINISHED,Grêmio FBPA,Botafogo FR,1.0,1.0
535176,2025-09-27 21:30:00,2025,25,FINISHED,CR Vasco da Gama,Cruzeiro EC,2.0,0.0
535180,2025-09-28 00:00:00,2025,25,FINISHED,CA Mineiro,Mirassol FC,1.0,0.0
535181,2025-09-28 14:00:00,2025,25,FINISHED,Grêmio FBPA,EC Vitória,3.0,1.0
535175,2025-09-28 19:00:00,2025,25,FINISHED,Fluminense FC,Botafogo FR,2.0,0.0
535182,2025-09-28 19:00:00,2025,25,FINISHED,EC Bahia,SE Palmeiras,1.0,0.0
535179,2025-09-28 21:30:00,2025,25,FINISHED,RB Bragantino,Santos FC,2.0,2.0
535177,2025-09-28 23:30:00,2025,25,FINISHED,SC Corinthians Paulista,CR Flamengo,1.0,2.0
535187,2025-10-01 22:00:00,2025,26,FINISHED,SE Palmeiras,CR Vasco da Gama,3.0,0.0
535189,2025-10-01 22:00:00,2025,26,FINISHED,Mirassol FC,RB Bragantino,1.0,1.0
535191,2025-10-01 22:30:00,2025,26,FINISHED,SC Internacional,SC Corinthians Paulista,1.0,1.0
535186,2025-10-02 00:30:00,2025,26,FINISHED,Botafogo FR,EC Bahia,2.0,1.0
535188,2025-10-02 00:30:00,2025,26,FINISHED,Santos FC,Grêmio FBPA,1.0,1.0
535185,2025-10-02 23:30:00,2025,26,FINISHED,CR Flamengo,Cruzeiro EC,0.0,0.0
535195,2025-10-04 21:30:00,2025,27,FINISHED,Fluminense FC,CA Mineiro,3.0,0.0
535199,2025-10-04 21:30:00,2025,27,FINISHED,RB Bragantino,Grêmio FBPA,1.0,0.0
535201,2025-10-04 21:30:00,2025,27,FINISHED,SC Internacional,Botafogo FR,2.0,0.0
535197,2025-10-05 00:00:00,2025,27,FINISHED,SC Corinthians Paulista,Mirassol FC,3.0,0.0
535196,2025-10-05 19:00:00,2025,27,FINISHED,CR Vasco da Gama,EC Vitória,4.0,3.0
535198,2025-10-05 19:00:00,2025,27,FINISHED,São Paulo FC,SE Palmeiras,2.0,3.0
535202,2025-10-05 21:30:00,2025,27,FINISHED,EC Bahia,CR Flamengo,1.0,0.0
535059,2025-10-09 00:00:00,2025,13,FINISHED,Mirassol FC,Fluminense FC,2.0,1.0
535207,2025-10-15 22:00:00,2025,28,FINISHED,SE Palmeiras,RB Bragantino,5.0,1.0
535206,2025-10-15 22:30:00,2025,28,FINISHED,Botafogo FR,CR Flamengo,0.0,3.0
535209,2025-10-15 23:00:00,2025,28,FINISHED,Mirassol FC,SC Internacional,3.0,1.0
535210,2025-10-16 00:30:00,2025,28,FINISHED,CA Mineiro,Cruzeiro EC,1.0,1.0
535208,2025-10-16 00:30:00,2025,28,FINISHED,Santos FC,SC Corinthians Paulista,3.0,1.0
535211,2025-10-16 22:00:00,2025,28,FINISHED,Grêmio FBPA,São Paulo FC,2.0,0.0
535212,2025-10-17 00:30:00,2025,28,FINISHED,EC Vitória,EC Bahia,2.0,1.0
535217,2025-10-18 21:30:00,2025,29,FINISHED,SC Corinthians Paulista,CA Mineiro,1.0,0.0
535215,2025-10-19 19:00:00,2025,29,FINISHED,CR Flamengo,SE Palmeiras,3.0,2.0
535219,2025-10-19 21:30:00,2025,29,FINISHED,Mirassol FC,São Paulo FC,3.0,0.0
535222,2025-10-19 23:30:00,2025,29,FINISHED,EC Bahia,Grêmio FBPA,4.0,0.0
535216,2025-10-20 22:30:00,2025,29,FINISHED,CR Vasco da Gama,Fluminense FC,2.0,0.0
535218,2025-10-21 00:30:00,2025,29,FINISHED,Santos FC,EC Vitória,0.0,1.0
535072,2025-10-22 22:00:00,2025,14,FINISHED,EC Bahia,SC Internacional,1.0,0.0
535232,2025-10-25 19:00:00,2025,30,FINISHED,EC Vitória,SC Corinthians Paulista,0.0,1.0
535225,2025-10-25 20:30:00,2025,30,FINISHED,Fluminense FC,SC Internacional,1.0,0.0
535228,2025-10-26 01:30:00,2025,30,FINISHED,São Paulo FC,EC Bahia,2.0,0.0
535226,2025-10-26 19:00:00,2025,30,FINISHED,Botafogo FR,Santos FC,2.0,2.0
535229,2025-10-26 21:30:00,2025,30,FINISHED,RB Bragantino,CR Vasco da Gama,0.0,3.0
535227,2025-10-26 23:30:00,2025,30,FINISHED,SE Palmeiras,Cruzeiro EC,0.0,0.0
535240,2025-11-01 19:00:00,2025,31,FINISHED,Cruzeiro EC,EC Vitória,3.0,1.0
535239,2025-11-01 21:00:00,2025,31,FINISHED,Mirassol FC,Botafogo FR,0.0,0.0
535237,2025-11-02 19:00:00,2025,31,FINISHED,SC Corinthians Paulista,Grêmio FBPA,2.0,0.0
535242,2025-11-02 19:00:00,2025,31,FINISHED,EC Bahia,RB Bragantino,2.0,1.0
535241,2025-11-02 21:30:00,2025,31,FINISHED,SC Internacional,CA Mineiro,0.0,0.0
535236,2025-11-02 23:30:00,2025,31,FINISHED,CR Vasco da Gama,São Paulo FC,0.0,2.0
535249,2025-11-05 22:00:00,2025,32,FINISHED,RB Bragantino,SC Corinthians Paulista,2.0,1.0
535252,2025-11-05 22:00:00,2025,32,FINISHED,EC Vitória,SC Internacional,1.0,0.0
535246,2025-11-05 22:30:00,2025,32,FINISHED,Botafogo FR,CR Vasco da Gama,3.0,0.0
535250,2025-11-05 23:00:00,2025,32,FINISHED,CA Mineiro,EC Bahia,3.0,0.0
535251,2025-11-05 23:00:00,2025,32,FINISHED,Grêmio FBPA,Cruzeiro EC,0.0,1.0
535248,2025-11-06 00:30:00,2025,32,FINISHED,São Paulo FC,CR Flamengo,2.0,2.0
535245,2025-11-06 22:30:00,2025,32,FINISHED,Fluminense FC,Mirassol FC,1.0,0.0
535247,2025-11-07 00:30:00,2025,32,FINISHED,SE Palmeiras,Santos FC,2.0,0.0
535261,2025-11-08 21:30:00,2025,33,FINISHED,SC Internacional,EC Bahia,2.0,2.0
535258,2025-11-09 00:00:00,2025,33,FINISHED,São Paulo FC,RB Bragantino,0.0,1.0
535260,2025-11-09 19:00:00,2025,33,FINISHED,Cruzeiro EC,Fluminense FC,0.0,0.0
535262,2025-11-09 19:00:00,2025,33,FINISHED,EC Vitória,Botafogo FR,0.0,0.0
535255,2025-11-09 21:30:00,2025,33,FINISHED,CR Flamengo,Santos FC,3.0,2.0
535259,2025-11-09 23:30:00,2025,33,FINISHED,Mirassol FC,SE Palmeiras,2.0,1.0
535058,2025-11-16 00:00:00,2025,13,FINISHED,Santos FC,SE Palmeiras,1.0,0.0
535299,2025-11-16 22:00:00,2025,37,FINISHED,RB Bragantino,CA Mineiro,2.0,0.0
535297,2025-11-19 22:30:00,2025,37,FINISHED,SE Palmeiras,EC Vitória,0.0,0.0
535265,2025-11-20 00:30:00,2025,34,FINISHED,Fluminense FC,CR Flamengo,2.0,1.0
535268,2025-11-20 00:30:00,2025,34,FINISHED,Santos FC,Mirassol FC,1.0,1.0
535271,2025-11-20 00:30:00,2025,34,FINISHED,Grêmio FBPA,CR Vasco da Gama,2.0,0.0
535267,2025-11-20 22:30:00,2025,34,FINISHED,SC Corinthians Paulista,São Paulo FC,3.0,1.0
535276,2025-11-22 22:30:00,2025,35,FINISHED,Botafogo FR,Grêmio FBPA,3.0,2.0
535277,2025-11-23 00:30:00,2025,35,FINISHED,SE Palmeiras,Fluminense FC,0.0,0.0
535275,2025-11-23 00:30:00,2025,35,FINISHED,CR Flamengo,RB Bragantino,3.0,0.0
535282,2025-11-23 19:00:00,2025,35,FINISHED,EC Bahia,CR Vasco da Gama,1.0,0.0
535280,2025-11-23 23:30:00,2025,35,FINISHED,Cruzeiro EC,SC Corinthians Paulista,3.0,0.0
535281,2025-11-25 00:00:00,2025,35,FINISHED,SC Internacional,Santos FC,1.0,1.0
535290,2025-11-26 00:30:00,2025,36,FINISHED,CA Mineiro,CR Flamengo,1.0,1.0
535291,2025-11-26 00:30:00,2025,36,FINISHED,Grêmio FBPA,SE Palmeiras,3.0,2.0
535285,2025-11-27 23:30:00,2025,36,FINISHED,Fluminense FC,São Paulo FC,6.0,0.0
535286,2025-11-28 22:30:00,2025,36,FINISHED,CR Vasco da Gama,SC Internacional,5.0,1.0
535292,2025-11-29 19:00:00,2025,36,FINISHED,EC Vitória,Mirassol FC,2.0,0.0
535287,2025-11-30 19:00:00,2025,36,FINISHED,SC Corinthians Paulista,Botafogo FR,2.0,2.0
535296,2025-12-02 22:00:00,2025,37,FINISHED,CR Vasco da Gama,Mirassol FC,0.0,2.0
535301,2025-12-03 00:30:00,2025,37,FINISHED,Grêmio FBPA,Fluminense FC,1.0,2.0
535269,2025-12-03 22:00:00,2025,34,FINISHED,RB Bragantino,EC Vitória,4.0,0.0
535298,2025-12-03 23:00:00,2025,37,FINISHED,São Paulo FC,SC Internacional,3.0,0.0
535270,2025-12-04 00:30:00,2025,34,FINISHED,CA Mineiro,SE Palmeiras,0.0,3.0
535300,2025-12-04 22:30:00,2025,37,FINISHED,Cruzeiro EC,Botafogo FR,2.0,2.0
535309,2025-12-06 21:30:00,2025,38,FINISHED,Mirassol FC,CR Flamengo,3.0,3.0
535311,2025-12-07 19:00:00,2025,38,FINISHED,SC Internacional,RB Bragantino,3.0,1.0
535310,2025-12-07 19:00:00,2025,38,FINISHED,CA Mineiro,CR Vasco da Gama,5.0,0.0
535312,2025-12-07 19:00:00,2025,38,FINISHED,EC Vitória,São Paulo FC,1.0,0.0
535305,2025-12-07 19:00:00,2025,38,FINISHED,Fluminense FC,EC Bahia,2.0,0.0
535308,2025-12-07 19:00:00,2025,38,FINISHED,Santos FC,Cruzeiro EC,3.0,0.0
554740,2026-01-28 22:00:00,2026,1,FINISHED,CA Mineiro,SE Palmeiras,2.0,2.0
554744,2026-01-28 22:00:00,2026,1,FINISHED,Coritiba FBC,RB Bragantino,0.0,1.0
554746,2026-01-28 22:00:00,2026,1,FINISHED,SC Internacional,CA Paranaense,0.0,1.0
554749,2026-01-28 22:00:00,2026,1,FINISHED,EC Vitória,Clube do Remo,2.0,0.0
554745,2026-01-28 22:30:00,2026,1,FINISHED,Fluminense FC,Grêmio FBPA,2.0,1.0
554742,2026-01-28 23:00:00,2026,1,FINISHED,Chapecoense AF,Santos FC,4.0,2.0
554743,2026-01-28 23:00:00,2026,1,FINISHED,SC Corinthians Paulista,EC Bahia,1.0,2.0
554748,2026-01-29 00:30:00,2026,1,FINISHED,São Paulo FC,CR Flamengo,2.0,1.0
554747,2026-01-29 23:00:00,2026,1,FINISHED,Mirassol FC,CR Vasco da Gama,2.0,1.0
554741,2026-01-30 00:30:00,2026,1,FINISHED,Botafogo FR,Cruzeiro EC,4.0,0.0
554752,2026-02-04 22:00:00,2026,2,FINISHED,RB Bragantino,CA Mineiro,1.0,0.0
554754,2026-02-04 22:00:00,2026,2,FINISHED,CR Flamengo,SC Internacional,1.0,1.0
554757,2026-02-04 23:00:00,2026,2,FINISHED,Clube do Remo,Mirassol FC,2.0,2.0
554758,2026-02-04 23:00:00,2026,2,FINISHED,Santos FC,São Paulo FC,1.0,1.0
554755,2026-02-05 00:30:00,2026,2,FINISHED,Grêmio FBPA,Botafogo FR,5.0,3.0
554756,2026-02-05 00:30:00,2026,2,FINISHED,SE Palmeiras,EC Vitória,5.0,1.0
554751,2026-02-05 22:00:00,2026,2,FINISHED,EC Bahia,Fluminense FC,1.0,1.0
554759,2026-02-05 23:00:00,2026,2,FINISHED,CR Vasco da Gama,Chapecoense AF,1.0,1.0
554753,2026-02-06 00:30:00,2026,2,FINISHED,Cruzeiro EC,Coritiba FBC,1.0,2.0
554769,2026-02-11 00:30:00,2026,3,FINISHED,EC Vitória,CR Flamengo,1.0,2.0
554766,2026-02-11 22:00:00,2026,3,FINISHED,Mirassol FC,Cruzeiro EC,2.0,2.0
554762,2026-02-11 22:00:00,2026,3,FINISHED,Chapecoense AF,Coritiba FBC,3.0,3.0
554761,2026-02-11 23:00:00,2026,3,FINISHED,CA Mineiro,Clube do Remo,3.0,3.0
554767,2026-02-12 00:30:00,2026,3,FINISHED,São Paulo FC,Grêmio FBPA,2.0,0.0
554768,2026-02-12 00:30:00,2026,3,FINISHED,CR Vasco da Gama,EC Bahia,0.0,1.0
554760,2026-02-12 22:00:00,2026,3,FINISHED,CA Paranaense,Santos FC,2.0,1.0
554764,2026-02-12 22:30:00,2026,3,FINISHED,Fluminense FC,Botafogo FR,1.0,0.0
554763,2026-02-12 23:00:00,2026,3,FINISHED,SC Corinthians Paulista,RB Bragantino,2.0,0.0
554765,2026-02-13 00:30:00,2026,3,FINISHED,SC Internacional,SE Palmeiras,1.0,3.0
554750,2026-02-19 22:30:00,2026,2,FINISHED,CA Paranaense,SC Corinthians Paulista,0.0,1.0
554772,2026-02-25 22:00:00,2026,4,FINISHED,RB Bragantino,CA Paranaense,1.0,1.0
554778,2026-02-25 22:00:00,2026,4,FINISHED,Clube do Remo,SC Internacional,1.0,1.0
554773,2026-02-25 22:30:00,2026,4,FINISHED,Coritiba FBC,São Paulo FC,0.0,1.0
554774,2026-02-25 23:00:00,2026,4,FINISHED,Cruzeiro EC,SC Corinthians Paulista,1.0,1.0
554777,2026-02-26 00:30:00,2026,4,FINISHED,SE Palmeiras,Fluminense FC,2.0,1.0
554776,2026-02-26 00:30:00,2026,4,FINISHED,Grêmio FBPA,CA Mineiro,2.0,1.0
554779,2026-02-26 22:00:00,2026,4,FINISHED,Santos FC,CR Vasco da Gama,2.0,1.0
